"FullName","Extension","Length","CreationTime","LastWriteTime"
"C:\Users\HB LAPTOP STORE\Documents\https-github.com-mahdialmuntadhar1-rgb-Halal\.env.example",".example","42","6/25/2026 8:23:20 PM","7/2/2026 9:44:25 PM"
"C:\Users\HB LAPTOP STORE\Documents\https-github.com-mahdialmuntadhar1-rgb-Halal\.env.production",".production","131","6/26/2026 2:52:55 PM","6/26/2026 9:48:23 PM"
"C:\Users\HB LAPTOP STORE\Documents\https-github.com-mahdialmuntadhar1-rgb-Halal\.gitignore",".gitignore","187","6/25/2026 8:23:20 PM","7/6/2026 8:44:15 PM"
"C:\Users\HB LAPTOP STORE\Documents\https-github.com-mahdialmuntadhar1-rgb-Halal\_backup_chunk6_cors_20260626_150155\.env.production",".production","74","6/26/2026 3:01:55 PM","6/26/2026 2:55:32 PM"
"C:\Users\HB LAPTOP STORE\Documents\https-github.com-mahdialmuntadhar1-rgb-Halal\_backup_chunk7_api_connection_20260626_150343\.env.production.backup",".backup","74","6/26/2026 3:03:43 PM","6/26/2026 3:01:55 PM"
"C:\Users\HB LAPTOP STORE\Documents\https-github.com-mahdialmuntadhar1-rgb-Halal\_backup_chunk7_api_connection_20260626_150447\.env.production.backup",".backup","74","6/26/2026 3:04:47 PM","6/26/2026 3:03:43 PM"
"C:\Users\HB LAPTOP STORE\Documents\https-github.com-mahdialmuntadhar1-rgb-Halal\assets\.aistudio\.gitignore",".gitignore","2","6/25/2026 8:23:20 PM","6/25/2026 8:23:20 PM"
"C:\Users\HB LAPTOP STORE\Documents\https-github.com-mahdialmuntadhar1-rgb-Halal\AUDIT-2026-07-07_12-28-11\git\01-status.txt",".txt","818","7/7/2026 12:28:19 PM","7/7/2026 12:28:20 PM"
"C:\Users\HB LAPTOP STORE\Documents\https-github.com-mahdialmuntadhar1-rgb-Halal\AUDIT-2026-07-07_12-28-11\git\02-branches.txt",".txt","2262","7/7/2026 12:28:20 PM","7/7/2026 12:28:20 PM"
"C:\Users\HB LAPTOP STORE\Documents\https-github.com-mahdialmuntadhar1-rgb-Halal\AUDIT-2026-07-07_12-28-11\git\03-remotes.txt",".txt","408","7/7/2026 12:28:20 PM","7/7/2026 12:28:20 PM"
"C:\Users\HB LAPTOP STORE\Documents\https-github.com-mahdialmuntadhar1-rgb-Halal\AUDIT-2026-07-07_12-28-11\git\04-tags.txt",".txt","508","7/7/2026 12:28:20 PM","7/7/2026 12:28:20 PM"
"C:\Users\HB LAPTOP STORE\Documents\https-github.com-mahdialmuntadhar1-rgb-Halal\AUDIT-2026-07-07_12-28-11\git\05-reflog.txt",".txt","1310","7/7/2026 12:28:20 PM","7/7/2026 12:28:20 PM"
"C:\Users\HB LAPTOP STORE\Documents\https-github.com-mahdialmuntadhar1-rgb-Halal\AUDIT-2026-07-07_12-28-11\git\06-stashes.txt",".txt","0","7/7/2026 12:28:20 PM","7/7/2026 12:28:20 PM"
"C:\Users\HB LAPTOP STORE\Documents\https-github.com-mahdialmuntadhar1-rgb-Halal\AUDIT-2026-07-07_12-28-11\git\07-history.txt",".txt","1584","7/7/2026 12:28:20 PM","7/7/2026 12:28:20 PM"
"C:\Users\HB LAPTOP STORE\Documents\https-github.com-mahdialmuntadhar1-rgb-Halal\AUDIT-2026-07-07_12-28-11\git\08-history-detail.txt",".txt","21332","7/7/2026 12:28:20 PM","7/7/2026 12:28:20 PM"
"C:\Users\HB LAPTOP STORE\Documents\https-github.com-mahdialmuntadhar1-rgb-Halal\AUDIT-2026-07-07_12-28-11\git\09-merges.txt",".txt","0","7/7/2026 12:28:20 PM","7/7/2026 12:28:20 PM"
"C:\Users\HB LAPTOP STORE\Documents\https-github.com-mahdialmuntadhar1-rgb-Halal\AUDIT-2026-07-07_12-28-11\git\10-contributors.txt",".txt","90","7/7/2026 12:28:20 PM","7/7/2026 12:28:20 PM"
"C:\Users\HB LAPTOP STORE\Documents\https-github.com-mahdialmuntadhar1-rgb-Halal\AUDIT-2026-07-07_12-28-11\git\11-object-stats.txt",".txt","256","7/7/2026 12:28:20 PM","7/7/2026 12:28:20 PM"
"C:\Users\HB LAPTOP STORE\Documents\https-github.com-mahdialmuntadhar1-rgb-Halal\AUDIT-2026-07-07_12-28-11\git\12-show-ref.txt",".txt","2122","7/7/2026 12:28:20 PM","7/7/2026 12:28:20 PM"
"C:\Users\HB LAPTOP STORE\Documents\https-github.com-mahdialmuntadhar1-rgb-Halal\AUDIT-2026-07-07_12-28-11\git\13-merged.txt",".txt","132","7/7/2026 12:28:20 PM","7/7/2026 12:28:21 PM"
"C:\Users\HB LAPTOP STORE\Documents\https-github.com-mahdialmuntadhar1-rgb-Halal\AUDIT-2026-07-07_12-28-11\git\14-unmerged.txt",".txt","0","7/7/2026 12:28:21 PM","7/7/2026 12:28:21 PM"
"C:\Users\HB LAPTOP STORE\Documents\https-github.com-mahdialmuntadhar1-rgb-Halal\AUDIT-2026-07-07_12-28-11\git\15-config.txt",".txt","3270","7/7/2026 12:28:22 PM","7/7/2026 12:28:22 PM"
"C:\Users\HB LAPTOP STORE\Documents\https-github.com-mahdialmuntadhar1-rgb-Halal\AUDIT-2026-07-07_12-28-11\SUMMARY.md",".md","420","7/7/2026 12:28:27 PM","7/7/2026 12:28:28 PM"
"C:\Users\HB LAPTOP STORE\Documents\https-github.com-mahdialmuntadhar1-rgb-Halal\AUDIT-2026-07-07_12-28-49\git\01-status.txt",".txt","1130","7/7/2026 12:28:49 PM","7/7/2026 12:28:49 PM"
"C:\Users\HB LAPTOP STORE\Documents\https-github.com-mahdialmuntadhar1-rgb-Halal\AUDIT-2026-07-07_12-28-49\git\02-git-version.txt",".txt","304","7/7/2026 12:28:49 PM","7/7/2026 12:28:49 PM"
"C:\Users\HB LAPTOP STORE\Documents\https-github.com-mahdialmuntadhar1-rgb-Halal\AUDIT-2026-07-07_12-28-49\git\03-current-branch.txt",".txt","290","7/7/2026 12:28:49 PM","7/7/2026 12:28:49 PM"
"C:\Users\HB LAPTOP STORE\Documents\https-github.com-mahdialmuntadhar1-rgb-Halal\AUDIT-2026-07-07_12-28-49\git\04-remotes.txt",".txt","666","7/7/2026 12:28:49 PM","7/7/2026 12:28:49 PM"
"C:\Users\HB LAPTOP STORE\Documents\https-github.com-mahdialmuntadhar1-rgb-Halal\AUDIT-2026-07-07_12-28-49\git\05-config.txt",".txt","3538","7/7/2026 12:28:49 PM","7/7/2026 12:28:49 PM"
"C:\Users\HB LAPTOP STORE\Documents\https-github.com-mahdialmuntadhar1-rgb-Halal\AUDIT-2026-07-07_12-28-49\git\06-all-branches.txt",".txt","2506","7/7/2026 12:28:49 PM","7/7/2026 12:28:49 PM"
"C:\Users\HB LAPTOP STORE\Documents\https-github.com-mahdialmuntadhar1-rgb-Halal\AUDIT-2026-07-07_12-28-49\git\07-tags.txt",".txt","736","7/7/2026 12:28:49 PM","7/7/2026 12:28:49 PM"
"C:\Users\HB LAPTOP STORE\Documents\https-github.com-mahdialmuntadhar1-rgb-Halal\AUDIT-2026-07-07_12-28-49\git\08-stashes.txt",".txt","236","7/7/2026 12:28:49 PM","7/7/2026 12:28:49 PM"
"C:\Users\HB LAPTOP STORE\Documents\https-github.com-mahdialmuntadhar1-rgb-Halal\AUDIT-2026-07-07_12-28-49\git\09-reflog.txt",".txt","1542","7/7/2026 12:28:49 PM","7/7/2026 12:28:49 PM"
"C:\Users\HB LAPTOP STORE\Documents\https-github.com-mahdialmuntadhar1-rgb-Halal\AUDIT-2026-07-07_12-28-49\git\10-head.txt",".txt","858","7/7/2026 12:28:49 PM","7/7/2026 12:28:49 PM"
"C:\Users\HB LAPTOP STORE\Documents\https-github.com-mahdialmuntadhar1-rgb-Halal\AUDIT-2026-07-07_12-28-49\git\11-history.txt",".txt","1836","7/7/2026 12:28:49 PM","7/7/2026 12:28:49 PM"
"C:\Users\HB LAPTOP STORE\Documents\https-github.com-mahdialmuntadhar1-rgb-Halal\AUDIT-2026-07-07_12-28-49\git\12-history-detailed.txt",".txt","21598","7/7/2026 12:28:49 PM","7/7/2026 12:28:49 PM"
"C:\Users\HB LAPTOP STORE\Documents\https-github.com-mahdialmuntadhar1-rgb-Halal\AUDIT-2026-07-07_12-28-49\git\13-merges.txt",".txt","248","7/7/2026 12:28:49 PM","7/7/2026 12:28:49 PM"
"C:\Users\HB LAPTOP STORE\Documents\https-github.com-mahdialmuntadhar1-rgb-Halal\AUDIT-2026-07-07_12-28-49\git\14-contributors.txt",".txt","334","7/7/2026 12:28:49 PM","7/7/2026 12:28:49 PM"
"C:\Users\HB LAPTOP STORE\Documents\https-github.com-mahdialmuntadhar1-rgb-Halal\AUDIT-2026-07-07_12-28-49\git\15-files-by-commit.txt",".txt","8152","7/7/2026 12:28:49 PM","7/7/2026 12:28:49 PM"
"C:\Users\HB LAPTOP STORE\Documents\https-github.com-mahdialmuntadhar1-rgb-Halal\AUDIT-2026-07-07_12-28-49\git\16-object-statistics.txt",".txt","518","7/7/2026 12:28:49 PM","7/7/2026 12:28:50 PM"
"C:\Users\HB LAPTOP STORE\Documents\https-github.com-mahdialmuntadhar1-rgb-Halal\AUDIT-2026-07-07_12-28-49\git\17-ignored-files.txt",".txt","1674","7/7/2026 12:28:50 PM","7/7/2026 12:28:50 PM"
"C:\Users\HB LAPTOP STORE\Documents\https-github.com-mahdialmuntadhar1-rgb-Halal\AUDIT-2026-07-07_12-28-49\git\18-show-ref.txt",".txt","2370","7/7/2026 12:28:50 PM","7/7/2026 12:28:50 PM"
"C:\Users\HB LAPTOP STORE\Documents\https-github.com-mahdialmuntadhar1-rgb-Halal\AUDIT-2026-07-07_12-28-49\git\19-merged-branches.txt",".txt","398","7/7/2026 12:28:50 PM","7/7/2026 12:28:50 PM"
"C:\Users\HB LAPTOP STORE\Documents\https-github.com-mahdialmuntadhar1-rgb-Halal\AUDIT-2026-07-07_12-28-49\git\20-unmerged-branches.txt",".txt","268","7/7/2026 12:28:50 PM","7/7/2026 12:28:50 PM"
"C:\Users\HB LAPTOP STORE\Documents\https-github.com-mahdialmuntadhar1-rgb-Halal\AUDIT-2026-07-07_12-28-49\git\21-last-30-days.txt",".txt","21582","7/7/2026 12:28:50 PM","7/7/2026 12:28:50 PM"
"C:\Users\HB LAPTOP STORE\Documents\https-github.com-mahdialmuntadhar1-rgb-Halal\AUDIT-2026-07-07_12-28-49\git\22-authors.txt",".txt","678","7/7/2026 12:28:50 PM","7/7/2026 12:28:50 PM"
"C:\Users\HB LAPTOP STORE\Documents\https-github.com-mahdialmuntadhar1-rgb-Halal\AUDIT-2026-07-07_12-28-49\git\23-root.txt",".txt","414","7/7/2026 12:28:50 PM","7/7/2026 12:28:50 PM"
"C:\Users\HB LAPTOP STORE\Documents\https-github.com-mahdialmuntadhar1-rgb-Halal\AUDIT-2026-07-07_12-28-49\git\24-head-sha.txt",".txt","322","7/7/2026 12:28:50 PM","7/7/2026 12:28:50 PM"
"C:\Users\HB LAPTOP STORE\Documents\https-github.com-mahdialmuntadhar1-rgb-Halal\AUDIT-2026-07-07_12-28-49\git\25-current-branch-sha.txt",".txt","382","7/7/2026 12:28:50 PM","7/7/2026 12:28:50 PM"
"C:\Users\HB LAPTOP STORE\Documents\https-github.com-mahdialmuntadhar1-rgb-Halal\AUDIT-2026-07-07_12-28-49\Repository\01-Full-Tree.txt",".txt","910424","7/7/2026 12:59:05 PM","7/7/2026 12:59:05 PM"
"C:\Users\HB LAPTOP STORE\Documents\https-github.com-mahdialmuntadhar1-rgb-Halal\AUDIT-2026-07-07_12-28-49\Repository\02-Folders.csv",".csv","3550","7/7/2026 12:59:05 PM","7/7/2026 12:59:05 PM"
"C:\Users\HB LAPTOP STORE\Documents\https-github.com-mahdialmuntadhar1-rgb-Halal\AUDIT-2026-07-07_12-28-49\Repository\03-Files.csv",".csv","0","7/7/2026 12:59:05 PM","7/7/2026 12:59:05 PM"
"C:\Users\HB LAPTOP STORE\Documents\https-github.com-mahdialmuntadhar1-rgb-Halal\AUDIT-2026-07-07_12-28-49\SUMMARY.md",".md","1916","7/7/2026 12:28:50 PM","7/7/2026 12:28:51 PM"
"C:\Users\HB LAPTOP STORE\Documents\https-github.com-mahdialmuntadhar1-rgb-Halal\dist\assets\index--hqRM0lF.css",".css","99400","7/6/2026 9:40:43 PM","7/6/2026 9:40:43 PM"
"C:\Users\HB LAPTOP STORE\Documents\https-github.com-mahdialmuntadhar1-rgb-Halal\dist\assets\index-mkBEX0n9.js",".js","396273","7/6/2026 9:40:43 PM","7/6/2026 9:40:43 PM"
"C:\Users\HB LAPTOP STORE\Documents\https-github.com-mahdialmuntadhar1-rgb-Halal\dist\index.html",".html","439","7/6/2026 9:40:43 PM","7/6/2026 9:40:43 PM"
"C:\Users\HB LAPTOP STORE\Documents\https-github.com-mahdialmuntadhar1-rgb-Halal\FRONTEND_BACKEND_CONTRACT.md",".md","7555","6/25/2026 8:23:20 PM","6/25/2026 8:23:20 PM"
"C:\Users\HB LAPTOP STORE\Documents\https-github.com-mahdialmuntadhar1-rgb-Halal\index.html",".html","341","6/25/2026 8:23:20 PM","6/25/2026 8:23:20 PM"
"C:\Users\HB LAPTOP STORE\Documents\https-github.com-mahdialmuntadhar1-rgb-Halal\metadata.json",".json","266","6/25/2026 8:23:20 PM","6/25/2026 8:23:20 PM"
"C:\Users\HB LAPTOP STORE\Documents\https-github.com-mahdialmuntadhar1-rgb-Halal\package.json",".json","1037","6/25/2026 8:23:20 PM","7/6/2026 9:37:24 PM"
"C:\Users\HB LAPTOP STORE\Documents\https-github.com-mahdialmuntadhar1-rgb-Halal\README.md",".md","542","6/25/2026 8:23:20 PM","6/25/2026 8:23:20 PM"
"C:\Users\HB LAPTOP STORE\Documents\https-github.com-mahdialmuntadhar1-rgb-Halal\src\App.OLD_BACKUP.tsx",".tsx","19326","7/2/2026 9:43:41 PM","6/25/2026 9:32:43 PM"
"C:\Users\HB LAPTOP STORE\Documents\https-github.com-mahdialmuntadhar1-rgb-Halal\src\App.tsx",".tsx","50","6/25/2026 8:23:20 PM","7/2/2026 9:43:41 PM"
"C:\Users\HB LAPTOP STORE\Documents\https-github.com-mahdialmuntadhar1-rgb-Halal\src\app\AppShell.tsx",".tsx","1135","7/2/2026 9:42:43 PM","7/2/2026 10:36:39 PM"
"C:\Users\HB LAPTOP STORE\Documents\https-github.com-mahdialmuntadhar1-rgb-Halal\src\app\authBridge.ts",".ts","339","7/2/2026 9:45:02 PM","7/2/2026 9:45:28 PM"
"C:\Users\HB LAPTOP STORE\Documents\https-github.com-mahdialmuntadhar1-rgb-Halal\src\app\bootstrap.ts",".ts","405","7/2/2026 9:42:43 PM","7/2/2026 10:21:54 PM"
"C:\Users\HB LAPTOP STORE\Documents\https-github.com-mahdialmuntadhar1-rgb-Halal\src\app\controller.ts",".ts","544","7/2/2026 10:21:37 PM","7/2/2026 10:21:37 PM"
"C:\Users\HB LAPTOP STORE\Documents\https-github.com-mahdialmuntadhar1-rgb-Halal\src\app\router.ts",".ts","205","7/2/2026 9:41:49 PM","7/2/2026 10:35:35 PM"
"C:\Users\HB LAPTOP STORE\Documents\https-github.com-mahdialmuntadhar1-rgb-Halal\src\app\routes.ts",".ts","427","7/2/2026 10:02:01 PM","7/2/2026 10:02:01 PM"
"C:\Users\HB LAPTOP STORE\Documents\https-github.com-mahdialmuntadhar1-rgb-Halal\src\app\screens.ts",".ts","428","7/2/2026 10:21:44 PM","7/2/2026 10:21:44 PM"
"C:\Users\HB LAPTOP STORE\Documents\https-github.com-mahdialmuntadhar1-rgb-Halal\src\app\state.ts",".ts","322","7/2/2026 9:41:50 PM","7/2/2026 9:41:50 PM"
"C:\Users\HB LAPTOP STORE\Documents\https-github.com-mahdialmuntadhar1-rgb-Halal\src\app\store.ts",".ts","798","7/2/2026 9:59:27 PM","7/2/2026 10:35:27 PM"
"C:\Users\HB LAPTOP STORE\Documents\https-github.com-mahdialmuntadhar1-rgb-Halal\src\components\AdminPanel.tsx",".tsx","23018","6/25/2026 8:23:20 PM","6/25/2026 8:23:20 PM"
"C:\Users\HB LAPTOP STORE\Documents\https-github.com-mahdialmuntadhar1-rgb-Halal\src\components\Button.tsx",".tsx","1873","6/25/2026 8:23:20 PM","6/25/2026 8:23:20 PM"
"C:\Users\HB LAPTOP STORE\Documents\https-github.com-mahdialmuntadhar1-rgb-Halal\src\components\ChatSimulator.tsx",".tsx","33426","6/25/2026 8:23:20 PM","6/25/2026 8:23:20 PM"
"C:\Users\HB LAPTOP STORE\Documents\https-github.com-mahdialmuntadhar1-rgb-Halal\src\components\CommunityFeed.tsx",".tsx","30667","6/25/2026 8:23:20 PM","6/25/2026 8:23:20 PM"
"C:\Users\HB LAPTOP STORE\Documents\https-github.com-mahdialmuntadhar1-rgb-Halal\src\components\EmptyState.tsx",".tsx","1268","6/25/2026 8:23:20 PM","6/25/2026 8:23:20 PM"
"C:\Users\HB LAPTOP STORE\Documents\https-github.com-mahdialmuntadhar1-rgb-Halal\src\components\FilterPanel.tsx",".tsx","22612","6/25/2026 8:23:20 PM","6/25/2026 8:23:20 PM"
"C:\Users\HB LAPTOP STORE\Documents\https-github.com-mahdialmuntadhar1-rgb-Halal\src\components\GenderSelectionCards.tsx",".tsx","4766","6/25/2026 8:23:20 PM","6/25/2026 8:23:20 PM"
"C:\Users\HB LAPTOP STORE\Documents\https-github.com-mahdialmuntadhar1-rgb-Halal\src\components\Header.tsx",".tsx","19094","6/25/2026 8:23:20 PM","6/25/2026 8:23:20 PM"
"C:\Users\HB LAPTOP STORE\Documents\https-github.com-mahdialmuntadhar1-rgb-Halal\src\components\Hero.tsx",".tsx","7236","6/25/2026 8:23:20 PM","6/25/2026 8:23:20 PM"
"C:\Users\HB LAPTOP STORE\Documents\https-github.com-mahdialmuntadhar1-rgb-Halal\src\components\HeroSlideshow.tsx",".tsx","2570","6/25/2026 8:23:20 PM","6/25/2026 8:23:20 PM"
"C:\Users\HB LAPTOP STORE\Documents\https-github.com-mahdialmuntadhar1-rgb-Halal\src\components\HowItWorks.tsx",".tsx","7804","6/25/2026 8:23:20 PM","6/25/2026 8:23:20 PM"
"C:\Users\HB LAPTOP STORE\Documents\https-github.com-mahdialmuntadhar1-rgb-Halal\src\components\LanguageSwitcher.tsx",".tsx","3185","6/25/2026 8:23:20 PM","6/25/2026 8:23:20 PM"
"C:\Users\HB LAPTOP STORE\Documents\https-github.com-mahdialmuntadhar1-rgb-Halal\src\components\LoadingState.tsx",".tsx","848","6/25/2026 8:23:20 PM","6/25/2026 8:23:20 PM"
"C:\Users\HB LAPTOP STORE\Documents\https-github.com-mahdialmuntadhar1-rgb-Halal\src\components\MatchCard.tsx",".tsx","18063","6/25/2026 8:23:20 PM","6/25/2026 8:23:20 PM"
"C:\Users\HB LAPTOP STORE\Documents\https-github.com-mahdialmuntadhar1-rgb-Halal\src\components\MatchExplorer.tsx",".tsx","43671","6/25/2026 8:23:20 PM","6/25/2026 8:23:20 PM"
"C:\Users\HB LAPTOP STORE\Documents\https-github.com-mahdialmuntadhar1-rgb-Halal\src\components\Modal.tsx",".tsx","1337","6/25/2026 8:23:20 PM","6/25/2026 8:23:20 PM"
"C:\Users\HB LAPTOP STORE\Documents\https-github.com-mahdialmuntadhar1-rgb-Halal\src\components\OnboardingWizard.tsx",".tsx","75924","6/25/2026 8:23:20 PM","6/25/2026 8:23:20 PM"
"C:\Users\HB LAPTOP STORE\Documents\https-github.com-mahdialmuntadhar1-rgb-Halal\src\components\PhotoPrivacyModule.tsx",".tsx","10315","6/25/2026 8:23:20 PM","6/25/2026 8:23:20 PM"
"C:\Users\HB LAPTOP STORE\Documents\https-github.com-mahdialmuntadhar1-rgb-Halal\src\components\PrivacyBadge.tsx",".tsx","1704","6/25/2026 8:23:20 PM","6/25/2026 8:23:20 PM"
"C:\Users\HB LAPTOP STORE\Documents\https-github.com-mahdialmuntadhar1-rgb-Halal\src\components\ProfileCard.tsx",".tsx","9661","6/25/2026 8:23:20 PM","6/25/2026 8:23:20 PM"
"C:\Users\HB LAPTOP STORE\Documents\https-github.com-mahdialmuntadhar1-rgb-Halal\src\components\SafetyNotice.tsx",".tsx","1456","6/25/2026 8:23:20 PM","6/25/2026 8:23:20 PM"
"C:\Users\HB LAPTOP STORE\Documents\https-github.com-mahdialmuntadhar1-rgb-Halal\src\components\Stepper.tsx",".tsx","1943","6/25/2026 8:23:20 PM","6/25/2026 8:23:20 PM"
"C:\Users\HB LAPTOP STORE\Documents\https-github.com-mahdialmuntadhar1-rgb-Halal\src\components\TrustSafety.tsx",".tsx","7720","6/25/2026 8:23:20 PM","6/25/2026 8:23:20 PM"
"C:\Users\HB LAPTOP STORE\Documents\https-github.com-mahdialmuntadhar1-rgb-Halal\src\constants\index.ts",".ts","1795","6/25/2026 8:23:20 PM","6/25/2026 8:23:20 PM"
"C:\Users\HB LAPTOP STORE\Documents\https-github.com-mahdialmuntadhar1-rgb-Halal\src\data\matches.ts",".ts","17251","6/25/2026 8:23:20 PM","6/25/2026 8:23:20 PM"
"C:\Users\HB LAPTOP STORE\Documents\https-github.com-mahdialmuntadhar1-rgb-Halal\src\hooks\useLocale.ts",".ts","477","6/25/2026 8:23:20 PM","6/25/2026 8:23:20 PM"
"C:\Users\HB LAPTOP STORE\Documents\https-github.com-mahdialmuntadhar1-rgb-Halal\src\index.css",".css","1811","6/25/2026 8:23:20 PM","6/25/2026 8:23:20 PM"
"C:\Users\HB LAPTOP STORE\Documents\https-github.com-mahdialmuntadhar1-rgb-Halal\src\index.ts",".ts","19470","7/2/2026 9:30:06 PM","7/2/2026 9:30:06 PM"
"C:\Users\HB LAPTOP STORE\Documents\https-github.com-mahdialmuntadhar1-rgb-Halal\src\lib\translations.ts",".ts","46341","6/25/2026 8:23:20 PM","6/25/2026 8:23:20 PM"
"C:\Users\HB LAPTOP STORE\Documents\https-github.com-mahdialmuntadhar1-rgb-Halal\src\main.tsx",".tsx","81","6/25/2026 8:23:20 PM","7/2/2026 10:32:15 PM"
"C:\Users\HB LAPTOP STORE\Documents\https-github.com-mahdialmuntadhar1-rgb-Halal\src\screens\AccountPlaceholderScreen.tsx",".tsx","23445","6/25/2026 8:23:20 PM","6/25/2026 8:23:20 PM"
"C:\Users\HB LAPTOP STORE\Documents\https-github.com-mahdialmuntadhar1-rgb-Halal\src\screens\AuthScreen.tsx",".tsx","27512","7/2/2026 9:30:06 PM","7/2/2026 9:30:06 PM"
"C:\Users\HB LAPTOP STORE\Documents\https-github.com-mahdialmuntadhar1-rgb-Halal\src\screens\ChatScreen.tsx",".tsx","941","6/25/2026 8:23:20 PM","6/25/2026 8:23:20 PM"
"C:\Users\HB LAPTOP STORE\Documents\https-github.com-mahdialmuntadhar1-rgb-Halal\src\screens\LandingScreen.tsx",".tsx","3548","6/25/2026 8:23:20 PM","6/25/2026 8:23:20 PM"
"C:\Users\HB LAPTOP STORE\Documents\https-github.com-mahdialmuntadhar1-rgb-Halal\src\screens\MatchExplorerScreen.tsx",".tsx","36792","6/25/2026 8:23:20 PM","6/25/2026 8:23:20 PM"
"C:\Users\HB LAPTOP STORE\Documents\https-github.com-mahdialmuntadhar1-rgb-Halal\src\screens\OnboardingScreen.tsx",".tsx","1032","6/25/2026 8:23:20 PM","6/25/2026 8:23:20 PM"
"C:\Users\HB LAPTOP STORE\Documents\https-github.com-mahdialmuntadhar1-rgb-Halal\src\screens\PrivacySettingsScreen.tsx",".tsx","23561","6/25/2026 8:23:20 PM","6/25/2026 8:23:20 PM"
"C:\Users\HB LAPTOP STORE\Documents\https-github.com-mahdialmuntadhar1-rgb-Halal\src\screens\ProfilePreviewScreen.tsx",".tsx","4612","6/25/2026 8:23:20 PM","6/25/2026 8:23:20 PM"
"C:\Users\HB LAPTOP STORE\Documents\https-github.com-mahdialmuntadhar1-rgb-Halal\src\screens\TrustPrivacyScreen.tsx",".tsx","18867","6/25/2026 8:23:20 PM","6/25/2026 8:23:20 PM"
"C:\Users\HB LAPTOP STORE\Documents\https-github.com-mahdialmuntadhar1-rgb-Halal\src\services\apiClient.ts",".ts","19714","7/2/2026 9:30:06 PM","7/2/2026 9:30:06 PM"
"C:\Users\HB LAPTOP STORE\Documents\https-github.com-mahdialmuntadhar1-rgb-Halal\src\services\core\apiClient.ts",".ts","797","7/2/2026 9:44:25 PM","7/2/2026 9:45:28 PM"
"C:\Users\HB LAPTOP STORE\Documents\https-github.com-mahdialmuntadhar1-rgb-Halal\src\services\core\authService.ts",".ts","336","7/2/2026 9:44:25 PM","7/2/2026 9:44:25 PM"
"C:\Users\HB LAPTOP STORE\Documents\https-github.com-mahdialmuntadhar1-rgb-Halal\src\services\core\authStore.ts",".ts","263","7/2/2026 9:45:02 PM","7/2/2026 9:45:28 PM"
"C:\Users\HB LAPTOP STORE\Documents\https-github.com-mahdialmuntadhar1-rgb-Halal\src\services\mockApi.ts",".ts","15275","6/25/2026 8:23:20 PM","6/25/2026 8:23:20 PM"
"C:\Users\HB LAPTOP STORE\Documents\https-github.com-mahdialmuntadhar1-rgb-Halal\src\types.ts",".ts","6014","6/25/2026 8:23:20 PM","6/25/2026 9:32:43 PM"
"C:\Users\HB LAPTOP STORE\Documents\https-github.com-mahdialmuntadhar1-rgb-Halal\src\types\core\app.ts",".ts","333","7/2/2026 9:41:49 PM","7/2/2026 9:41:49 PM"
"C:\Users\HB LAPTOP STORE\Documents\https-github.com-mahdialmuntadhar1-rgb-Halal\tsconfig.json",".json","508","6/25/2026 8:23:20 PM","6/25/2026 8:23:20 PM"
"C:\Users\HB LAPTOP STORE\Documents\https-github.com-mahdialmuntadhar1-rgb-Halal\vite.config.ts",".ts","708","6/25/2026 8:23:20 PM","6/25/2026 8:23:20 PM"
"C:\Users\HB LAPTOP STORE\Documents\https-github.com-mahdialmuntadhar1-rgb-Halal\wrangler.toml",".toml","220","7/2/2026 9:30:06 PM","7/2/2026 9:30:06 PM"
"C:\Users\HB LAPTOP STORE\Documents\https-github.com-mahdialmuntadhar1-rgb-Halal\ZAWAJ_BRAND_COLOR_PROMPT.md",".md","5084","7/7/2026 12:51:19 PM","7/7/2026 12:53:13 PM"
