"Values","Count","Group","Name"
"System.Collections.ArrayList","2","System.Collections.ObjectModel.Collection`1[System.Management.Automation.PSObject]",".env.production"
,,,
,,,
"System.Collections.ArrayList","2","System.Collections.ObjectModel.Collection`1[System.Management.Automation.PSObject]",".gitignore"
,,,
,,,
"System.Collections.ArrayList","3","System.Collections.ObjectModel.Collection`1[System.Management.Automation.PSObject]","index.html"
,,,
,,,
,,,
"System.Collections.ArrayList","275","System.Collections.ObjectModel.Collection`1[System.Management.Automation.PSObject]","package.json"
,,,
,,,
,,,
,,,
,,,
,,,
,,,
,,,
,,,
,,,
,,,
,,,
,,,
,,,
,,,
,,,
,,,
,,,
,,,
,,,
,,,
,,,
,,,
,,,
,,,
,,,
,,,
,,,
,,,
,,,
,,,
,,,
,,,
,,,
,,,
,,,
,,,
,,,
,,,
,,,
,,,
,,,
,,,
,,,
,,,
,,,
,,,
,,,
,,,
,,,
,,,
,,,
,,,
,,,
,,,
,,,
,,,
,,,
,,,
,,,
,,,
,,,
,,,
,,,
,,,
,,,
,,,
,,,
,,,
,,,
,,,
,,,
,,,
,,,
,,,
,,,
,,,
,,,
,,,
,,,
,,,
,,,
,,,
,,,
,,,
,,,
,,,
,,,
,,,
,,,
,,,
,,,
,,,
,,,
,,,
,,,
,,,
,,,
,,,
,,,
,,,
,,,
,,,
,,,
,,,
,,,
,,,
,,,
,,,
,,,
,,,
,,,
,,,
,,,
,,,
,,,
,,,
,,,
,,,
,,,
,,,
,,,
,,,
,,,
,,,
,,,
,,,
,,,
,,,
,,,
,,,
,,,
,,,
,,,
,,,
,,,
,,,
,,,
,,,
,,,
,,,
,,,
,,,
,,,
,,,
,,,
,,,
,,,
,,,
,,,
,,,
,,,
,,,
,,,
,,,
,,,
,,,
,,,
,,,
,,,
,,,
,,,
,,,
,,,
,,,
,,,
,,,
,,,
,,,
,,,
,,,
,,,
,,,
,,,
,,,
,,,
,,,
,,,
,,,
,,,
,,,
,,,
,,,
,,,
,,,
,,,
,,,
,,,
,,,
,,,
,,,
,,,
,,,
,,,
,,,
,,,
,,,
,,,
,,,
,,,
,,,
,,,
,,,
,,,
,,,
,,,
,,,
,,,
,,,
,,,
,,,
,,,
,,,
,,,
,,,
,,,
,,,
,,,
,,,
,,,
,,,
,,,
,,,
,,,
,,,
,,,
,,,
,,,
,,,
,,,
,,,
,,,
,,,
,,,
,,,
,,,
,,,
,,,
,,,
,,,
,,,
,,,
,,,
,,,
,,,
,,,
,,,
,,,
,,,
,,,
,,,
,,,
,,,
,,,
,,,
,,,
,,,
,,,
,,,
,,,
,,,
,,,
,,,
,,,
,,,
,,,
,,,
,,,
,,,
,,,
,,,
,,,
,,,
,,,
,,,
"System.Collections.ArrayList","247","System.Collections.ObjectModel.Collection`1[System.Management.Automation.PSObject]","README.md"
,,,
,,,
,,,
,,,
,,,
,,,
,,,
,,,
,,,
,,,
,,,
,,,
,,,
,,,
,,,
,,,
,,,
,,,
,,,
,,,
,,,
,,,
,,,
,,,
,,,
,,,
,,,
,,,
,,,
,,,
,,,
,,,
,,,
,,,
,,,
,,,
,,,
,,,
,,,
,,,
,,,
,,,
,,,
,,,
,,,
,,,
,,,
,,,
,,,
,,,
,,,
,,,
,,,
,,,
,,,
,,,
,,,
,,,
,,,
,,,
,,,
,,,
,,,
,,,
,,,
,,,
,,,
,,,
,,,
,,,
,,,
,,,
,,,
,,,
,,,
,,,
,,,
,,,
,,,
,,,
,,,
,,,
,,,
,,,
,,,
,,,
,,,
,,,
,,,
,,,
,,,
,,,
,,,
,,,
,,,
,,,
,,,
,,,
,,,
,,,
,,,
,,,
,,,
,,,
,,,
,,,
,,,
,,,
,,,
,,,
,,,
,,,
,,,
,,,
,,,
,,,
,,,
,,,
,,,
,,,
,,,
,,,
,,,
,,,
,,,
,,,
,,,
,,,
,,,
,,,
,,,
,,,
,,,
,,,
,,,
,,,
,,,
,,,
,,,
,,,
,,,
,,,
,,,
,,,
,,,
,,,
,,,
,,,
,,,
,,,
,,,
,,,
,,,
,,,
,,,
,,,
,,,
,,,
,,,
,,,
,,,
,,,
,,,
,,,
,,,
,,,
,,,
,,,
,,,
,,,
,,,
,,,
,,,
,,,
,,,
,,,
,,,
,,,
,,,
,,,
,,,
,,,
,,,
,,,
,,,
,,,
,,,
,,,
,,,
,,,
,,,
,,,
,,,
,,,
,,,
,,,
,,,
,,,
,,,
,,,
,,,
,,,
,,,
,,,
,,,
,,,
,,,
,,,
,,,
,,,
,,,
,,,
,,,
,,,
,,,
,,,
,,,
,,,
,,,
,,,
,,,
,,,
,,,
,,,
,,,
,,,
,,,
,,,
,,,
,,,
,,,
,,,
,,,
,,,
,,,
,,,
,,,
,,,
,,,
,,,
,,,
,,,
,,,
,,,
,,,
,,,
,,,
"System.Collections.ArrayList","19","System.Collections.ObjectModel.Collection`1[System.Management.Automation.PSObject]","tsconfig.json"
,,,
,,,
,,,
,,,
,,,
,,,
,,,
,,,
,,,
,,,
,,,
,,,
,,,
,,,
,,,
,,,
,,,
,,,
,,,
"System.Collections.ArrayList","2","System.Collections.ObjectModel.Collection`1[System.Management.Automation.PSObject]","SUMMARY.md"
,,,
,,,
"System.Collections.ArrayList","2","System.Collections.ObjectModel.Collection`1[System.Management.Automation.PSObject]","01-status.txt"
,,,
,,,
"System.Collections.ArrayList","2","System.Collections.ObjectModel.Collection`1[System.Management.Automation.PSObject]","autoprefixer"
,,,
,,,
"System.Collections.ArrayList","6","System.Collections.ObjectModel.Collection`1[System.Management.Automation.PSObject]","esbuild"
,,,
,,,
,,,
,,,
,,,
,,,
"System.Collections.ArrayList","3","System.Collections.ObjectModel.Collection`1[System.Management.Automation.PSObject]","esbuild.cmd"
,,,
,,,
,,,
"System.Collections.ArrayList","3","System.Collections.ObjectModel.Collection`1[System.Management.Automation.PSObject]","esbuild.ps1"
,,,
,,,
,,,
"System.Collections.ArrayList","2","System.Collections.ObjectModel.Collection`1[System.Management.Automation.PSObject]","jsesc"
,,,
,,,
"System.Collections.ArrayList","2","System.Collections.ObjectModel.Collection`1[System.Management.Automation.PSObject]","rollup"
,,,
,,,
"System.Collections.ArrayList","2","System.Collections.ObjectModel.Collection`1[System.Management.Automation.PSObject]","semver"
,,,
,,,
"System.Collections.ArrayList","2","System.Collections.ObjectModel.Collection`1[System.Management.Automation.PSObject]","semver.cmd"
,,,
,,,
"System.Collections.ArrayList","2","System.Collections.ObjectModel.Collection`1[System.Management.Automation.PSObject]","semver.ps1"
,,,
,,,
"System.Collections.ArrayList","2","System.Collections.ObjectModel.Collection`1[System.Management.Automation.PSObject]","tsc"
,,,
,,,
"System.Collections.ArrayList","2","System.Collections.ObjectModel.Collection`1[System.Management.Automation.PSObject]","tsserver"
,,,
,,,
"System.Collections.ArrayList","2","System.Collections.ObjectModel.Collection`1[System.Management.Automation.PSObject]","workerd"
,,,
,,,
"System.Collections.ArrayList","2","System.Collections.ObjectModel.Collection`1[System.Management.Automation.PSObject]","react.js"
,,,
,,,
"System.Collections.ArrayList","202","System.Collections.ObjectModel.Collection`1[System.Management.Automation.PSObject]","LICENSE"
,,,
,,,
,,,
,,,
,,,
,,,
,,,
,,,
,,,
,,,
,,,
,,,
,,,
,,,
,,,
,,,
,,,
,,,
,,,
,,,
,,,
,,,
,,,
,,,
,,,
,,,
,,,
,,,
,,,
,,,
,,,
,,,
,,,
,,,
,,,
,,,
,,,
,,,
,,,
,,,
,,,
,,,
,,,
,,,
,,,
,,,
,,,
,,,
,,,
,,,
,,,
,,,
,,,
,,,
,,,
,,,
,,,
,,,
,,,
,,,
,,,
,,,
,,,
,,,
,,,
,,,
,,,
,,,
,,,
,,,
,,,
,,,
,,,
,,,
,,,
,,,
,,,
,,,
,,,
,,,
,,,
,,,
,,,
,,,
,,,
,,,
,,,
,,,
,,,
,,,
,,,
,,,
,,,
,,,
,,,
,,,
,,,
,,,
,,,
,,,
,,,
,,,
,,,
,,,
,,,
,,,
,,,
,,,
,,,
,,,
,,,
,,,
,,,
,,,
,,,
,,,
,,,
,,,
,,,
,,,
,,,
,,,
,,,
,,,
,,,
,,,
,,,
,,,
,,,
,,,
,,,
,,,
,,,
,,,
,,,
,,,
,,,
,,,
,,,
,,,
,,,
,,,
,,,
,,,
,,,
,,,
,,,
,,,
,,,
,,,
,,,
,,,
,,,
,,,
,,,
,,,
,,,
,,,
,,,
,,,
,,,
,,,
,,,
,,,
,,,
,,,
,,,
,,,
,,,
,,,
,,,
,,,
,,,
,,,
,,,
,,,
,,,
,,,
,,,
,,,
,,,
,,,
,,,
,,,
,,,
,,,
,,,
,,,
,,,
,,,
,,,
,,,
,,,
,,,
,,,
,,,
,,,
,,,
,,,
,,,
,,,
,,,
"System.Collections.ArrayList","239","System.Collections.ObjectModel.Collection`1[System.Management.Automation.PSObject]","index.js"
,,,
,,,
,,,
,,,
,,,
,,,
,,,
,,,
,,,
,,,
,,,
,,,
,,,
,,,
,,,
,,,
,,,
,,,
,,,
,,,
,,,
,,,
,,,
,,,
,,,
,,,
,,,
,,,
,,,
,,,
,,,
,,,
,,,
,,,
,,,
,,,
,,,
,,,
,,,
,,,
,,,
,,,
,,,
,,,
,,,
,,,
,,,
,,,
,,,
,,,
,,,
,,,
,,,
,,,
,,,
,,,
,,,
,,,
,,,
,,,
,,,
,,,
,,,
,,,
,,,
,,,
,,,
,,,
,,,
,,,
,,,
,,,
,,,
,,,
,,,
,,,
,,,
,,,
,,,
,,,
,,,
,,,
,,,
,,,
,,,
,,,
,,,
,,,
,,,
,,,
,,,
,,,
,,,
,,,
,,,
,,,
,,,
,,,
,,,
,,,
,,,
,,,
,,,
,,,
,,,
,,,
,,,
,,,
,,,
,,,
,,,
,,,
,,,
,,,
,,,
,,,
,,,
,,,
,,,
,,,
,,,
,,,
,,,
,,,
,,,
,,,
,,,
,,,
,,,
,,,
,,,
,,,
,,,
,,,
,,,
,,,
,,,
,,,
,,,
,,,
,,,
,,,
,,,
,,,
,,,
,,,
,,,
,,,
,,,
,,,
,,,
,,,
,,,
,,,
,,,
,,,
,,,
,,,
,,,
,,,
,,,
,,,
,,,
,,,
,,,
,,,
,,,
,,,
,,,
,,,
,,,
,,,
,,,
,,,
,,,
,,,
,,,
,,,
,,,
,,,
,,,
,,,
,,,
,,,
,,,
,,,
,,,
,,,
,,,
,,,
,,,
,,,
,,,
,,,
,,,
,,,
,,,
,,,
,,,
,,,
,,,
,,,
,,,
,,,
,,,
,,,
,,,
,,,
,,,
,,,
,,,
,,,
,,,
,,,
,,,
,,,
,,,
,,,
,,,
,,,
,,,
,,,
,,,
,,,
,,,
,,,
,,,
,,,
,,,
,,,
,,,
,,,
,,,
,,,
,,,
,,,
,,,
,,,
,,,
"System.Collections.ArrayList","60","System.Collections.ObjectModel.Collection`1[System.Management.Automation.PSObject]","index.js.map"
,,,
,,,
,,,
,,,
,,,
,,,
,,,
,,,
,,,
,,,
,,,
,,,
,,,
,,,
,,,
,,,
,,,
,,,
,,,
,,,
,,,
,,,
,,,
,,,
,,,
,,,
,,,
,,,
,,,
,,,
,,,
,,,
,,,
,,,
,,,
,,,
,,,
,,,
,,,
,,,
,,,
,,,
,,,
,,,
,,,
,,,
,,,
,,,
,,,
,,,
,,,
,,,
,,,
,,,
,,,
,,,
,,,
,,,
,,,
,,,
"System.Collections.ArrayList","3","System.Collections.ObjectModel.Collection`1[System.Management.Automation.PSObject]","plugins.js"
,,,
,,,
,,,
"System.Collections.ArrayList","13","System.Collections.ObjectModel.Collection`1[System.Management.Automation.PSObject]","parse.js"
,,,
,,,
,,,
,,,
,,,
,,,
,,,
,,,
,,,
,,,
,,,
,,,
,,,
"System.Collections.ArrayList","2","System.Collections.ObjectModel.Collection`1[System.Management.Automation.PSObject]","parse.js.map"
,,,
,,,
"System.Collections.ArrayList","2","System.Collections.ObjectModel.Collection`1[System.Management.Automation.PSObject]","plugin.js"
,,,
,,,
"System.Collections.ArrayList","3","System.Collections.ObjectModel.Collection`1[System.Management.Automation.PSObject]","printer.js"
,,,
,,,
,,,
"System.Collections.ArrayList","3","System.Collections.ObjectModel.Collection`1[System.Management.Automation.PSObject]","printer.js.map"
,,,
,,,
,,,
"System.Collections.ArrayList","12","System.Collections.ObjectModel.Collection`1[System.Management.Automation.PSObject]","util.js"
,,,
,,,
,,,
,,,
,,,
,,,
,,,
,,,
,,,
,,,
,,,
,,,
"System.Collections.ArrayList","2","System.Collections.ObjectModel.Collection`1[System.Management.Automation.PSObject]","util.js.map"
,,,
,,,
"System.Collections.ArrayList","2","System.Collections.ObjectModel.Collection`1[System.Management.Automation.PSObject]","package.js"
,,,
,,,
"System.Collections.ArrayList","2","System.Collections.ObjectModel.Collection`1[System.Management.Automation.PSObject]","package.js.map"
,,,
,,,
"System.Collections.ArrayList","2","System.Collections.ObjectModel.Collection`1[System.Management.Automation.PSObject]","plugins.js.map"
,,,
,,,
"System.Collections.ArrayList","11","System.Collections.ObjectModel.Collection`1[System.Management.Automation.PSObject]","types.js"
,,,
,,,
,,,
,,,
,,,
,,,
,,,
,,,
,,,
,,,
,,,
"System.Collections.ArrayList","3","System.Collections.ObjectModel.Collection`1[System.Management.Automation.PSObject]","types.js.map"
,,,
,,,
,,,
"System.Collections.ArrayList","12","System.Collections.ObjectModel.Collection`1[System.Management.Automation.PSObject]","utils.js"
,,,
,,,
,,,
,,,
,,,
,,,
,,,
,,,
,,,
,,,
,,,
,,,
"System.Collections.ArrayList","4","System.Collections.ObjectModel.Collection`1[System.Management.Automation.PSObject]","utils.js.map"
,,,
,,,
,,,
,,,
"System.Collections.ArrayList","3","System.Collections.ObjectModel.Collection`1[System.Management.Automation.PSObject]","options.js"
,,,
,,,
,,,
"System.Collections.ArrayList","3","System.Collections.ObjectModel.Collection`1[System.Management.Automation.PSObject]","options.js.map"
,,,
,,,
,,,
"System.Collections.ArrayList","4","System.Collections.ObjectModel.Collection`1[System.Management.Automation.PSObject]","fs.js"
,,,
,,,
,,,
,,,
"System.Collections.ArrayList","3","System.Collections.ObjectModel.Collection`1[System.Management.Automation.PSObject]","file.js"
,,,
,,,
,,,
"System.Collections.ArrayList","2","System.Collections.ObjectModel.Collection`1[System.Management.Automation.PSObject]","file.js.map"
,,,
,,,
"System.Collections.ArrayList","5","System.Collections.ObjectModel.Collection`1[System.Management.Automation.PSObject]","index.ts"
,,,
,,,
,,,
,,,
,,,
"System.Collections.ArrayList","2","System.Collections.ObjectModel.Collection`1[System.Management.Automation.PSObject]","source-map.js"
,,,
,,,
"System.Collections.ArrayList","2","System.Collections.ObjectModel.Collection`1[System.Management.Automation.PSObject]","base.js"
,,,
,,,
"System.Collections.ArrayList","2","System.Collections.ObjectModel.Collection`1[System.Management.Automation.PSObject]","flow.js"
,,,
,,,
"System.Collections.ArrayList","2","System.Collections.ObjectModel.Collection`1[System.Management.Automation.PSObject]","flow.js.map"
,,,
,,,
"System.Collections.ArrayList","3","System.Collections.ObjectModel.Collection`1[System.Management.Automation.PSObject]","jsx.js"
,,,
,,,
,,,
"System.Collections.ArrayList","3","System.Collections.ObjectModel.Collection`1[System.Management.Automation.PSObject]","jsx.js.map"
,,,
,,,
,,,
"System.Collections.ArrayList","2","System.Collections.ObjectModel.Collection`1[System.Management.Automation.PSObject]","template-literals.js"
,,,
,,,
"System.Collections.ArrayList","3","System.Collections.ObjectModel.Collection`1[System.Management.Automation.PSObject]","typescript.js"
,,,
,,,
,,,
"System.Collections.ArrayList","2","System.Collections.ObjectModel.Collection`1[System.Management.Automation.PSObject]","typescript.js.map"
,,,
,,,
"System.Collections.ArrayList","2","System.Collections.ObjectModel.Collection`1[System.Management.Automation.PSObject]","parentheses.js"
,,,
,,,
"System.Collections.ArrayList","2","System.Collections.ObjectModel.Collection`1[System.Management.Automation.PSObject]","parentheses.js.map"
,,,
,,,
"System.Collections.ArrayList","8","System.Collections.ObjectModel.Collection`1[System.Management.Automation.PSObject]","debug.js"
,,,
,,,
,,,
,,,
,,,
,,,
,,,
,,,
"System.Collections.ArrayList","2","System.Collections.ObjectModel.Collection`1[System.Management.Automation.PSObject]","debug.js.map"
,,,
,,,
"System.Collections.ArrayList","2","System.Collections.ObjectModel.Collection`1[System.Management.Automation.PSObject]","identifier.js"
,,,
,,,
"System.Collections.ArrayList","3","System.Collections.ObjectModel.Collection`1[System.Management.Automation.PSObject]","get.js"
,,,
,,,
,,,
"System.Collections.ArrayList","3","System.Collections.ObjectModel.Collection`1[System.Management.Automation.PSObject]","inherits.js"
,,,
,,,
,,,
"System.Collections.ArrayList","2","System.Collections.ObjectModel.Collection`1[System.Management.Automation.PSObject]","inherits.js.map"
,,,
,,,
"System.Collections.ArrayList","3","System.Collections.ObjectModel.Collection`1[System.Management.Automation.PSObject]","set.js"
,,,
,,,
,,,
"System.Collections.ArrayList","35","System.Collections.ObjectModel.Collection`1[System.Management.Automation.PSObject]","CHANGELOG.md"
,,,
,,,
,,,
,,,
,,,
,,,
,,,
,,,
,,,
,,,
,,,
,,,
,,,
,,,
,,,
,,,
,,,
,,,
,,,
,,,
,,,
,,,
,,,
,,,
,,,
,,,
,,,
,,,
,,,
,,,
,,,
,,,
,,,
,,,
,,,
"System.Collections.ArrayList","4","System.Collections.ObjectModel.Collection`1[System.Management.Automation.PSObject]","cache.js"
,,,
,,,
,,,
,,,
"System.Collections.ArrayList","2","System.Collections.ObjectModel.Collection`1[System.Management.Automation.PSObject]","context.js"
,,,
,,,
"System.Collections.ArrayList","2","System.Collections.ObjectModel.Collection`1[System.Management.Automation.PSObject]","context.js.map"
,,,
,,,
"System.Collections.ArrayList","118","System.Collections.ObjectModel.Collection`1[System.Management.Automation.PSObject]","index.d.ts"
,,,
,,,
,,,
,,,
,,,
,,,
,,,
,,,
,,,
,,,
,,,
,,,
,,,
,,,
,,,
,,,
,,,
,,,
,,,
,,,
,,,
,,,
,,,
,,,
,,,
,,,
,,,
,,,
,,,
,,,
,,,
,,,
,,,
,,,
,,,
,,,
,,,
,,,
,,,
,,,
,,,
,,,
,,,
,,,
,,,
,,,
,,,
,,,
,,,
,,,
,,,
,,,
,,,
,,,
,,,
,,,
,,,
,,,
,,,
,,,
,,,
,,,
,,,
,,,
,,,
,,,
,,,
,,,
,,,
,,,
,,,
,,,
,,,
,,,
,,,
,,,
,,,
,,,
,,,
,,,
,,,
,,,
,,,
,,,
,,,
,,,
,,,
,,,
,,,
,,,
,,,
,,,
,,,
,,,
,,,
,,,
,,,
,,,
,,,
,,,
,,,
,,,
,,,
,,,
,,,
,,,
,,,
,,,
,,,
,,,
,,,
,,,
,,,
,,,
,,,
,,,
,,,
,,,
"System.Collections.ArrayList","3","System.Collections.ObjectModel.Collection`1[System.Management.Automation.PSObject]","index.js.flow"
,,,
,,,
,,,
"System.Collections.ArrayList","2","System.Collections.ObjectModel.Collection`1[System.Management.Automation.PSObject]","clone.js"
,,,
,,,
"System.Collections.ArrayList","2","System.Collections.ObjectModel.Collection`1[System.Management.Automation.PSObject]","removeTypeDuplicates.js"
,,,
,,,
"System.Collections.ArrayList","2","System.Collections.ObjectModel.Collection`1[System.Management.Automation.PSObject]","removeTypeDuplicates.js.map"
,,,
,,,
"System.Collections.ArrayList","4","System.Collections.ObjectModel.Collection`1[System.Management.Automation.PSObject]","is.js"
,,,
,,,
,,,
,,,
"System.Collections.ArrayList","5","System.Collections.ObjectModel.Collection`1[System.Management.Automation.PSObject]","types.ts"
,,,
,,,
,,,
,,,
,,,
"System.Collections.ArrayList","14","System.Collections.ObjectModel.Collection`1[System.Management.Automation.PSObject]","index.d.mts"
,,,
,,,
,,,
,,,
,,,
,,,
,,,
,,,
,,,
,,,
,,,
,,,
,,,
,,,
"System.Collections.ArrayList","55","System.Collections.ObjectModel.Collection`1[System.Management.Automation.PSObject]","index.mjs"
,,,
,,,
,,,
,,,
,,,
,,,
,,,
,,,
,,,
,,,
,,,
,,,
,,,
,,,
,,,
,,,
,,,
,,,
,,,
,,,
,,,
,,,
,,,
,,,
,,,
,,,
,,,
,,,
,,,
,,,
,,,
,,,
,,,
,,,
,,,
,,,
,,,
,,,
,,,
,,,
,,,
,,,
,,,
,,,
,,,
,,,
,,,
,,,
,,,
,,,
,,,
,,,
,,,
,,,
,,,
"System.Collections.ArrayList","2","System.Collections.ObjectModel.Collection`1[System.Management.Automation.PSObject]","console.d.ts"
,,,
,,,
"System.Collections.ArrayList","2","System.Collections.ObjectModel.Collection`1[System.Management.Automation.PSObject]","console.mjs"
,,,
,,,
"System.Collections.ArrayList","2","System.Collections.ObjectModel.Collection`1[System.Management.Automation.PSObject]","process.d.ts"
,,,
,,,
"System.Collections.ArrayList","4","System.Collections.ObjectModel.Collection`1[System.Management.Automation.PSObject]","process.mjs"
,,,
,,,
,,,
,,,
"System.Collections.ArrayList","3","System.Collections.ObjectModel.Collection`1[System.Management.Automation.PSObject]","performance.mjs"
,,,
,,,
,,,
"System.Collections.ArrayList","24","System.Collections.ObjectModel.Collection`1[System.Management.Automation.PSObject]","LICENSE.md"
,,,
,,,
,,,
,,,
,,,
,,,
,,,
,,,
,,,
,,,
,,,
,,,
,,,
,,,
,,,
,,,
,,,
,,,
,,,
,,,
,,,
,,,
,,,
,,,
"System.Collections.ArrayList","2","System.Collections.ObjectModel.Collection`1[System.Management.Automation.PSObject]","register.js"
,,,
,,,
"System.Collections.ArrayList","2","System.Collections.ObjectModel.Collection`1[System.Management.Automation.PSObject]","trace-mapping.mjs"
,,,
,,,
"System.Collections.ArrayList","2","System.Collections.ObjectModel.Collection`1[System.Management.Automation.PSObject]","trace-mapping.mjs.map"
,,,
,,,
"System.Collections.ArrayList","2","System.Collections.ObjectModel.Collection`1[System.Management.Automation.PSObject]","trace-mapping.umd.js"
,,,
,,,
"System.Collections.ArrayList","2","System.Collections.ObjectModel.Collection`1[System.Management.Automation.PSObject]","trace-mapping.umd.js.map"
,,,
,,,
"System.Collections.ArrayList","2","System.Collections.ObjectModel.Collection`1[System.Management.Automation.PSObject]","sourcemap-segment.d.ts"
,,,
,,,
"System.Collections.ArrayList","15","System.Collections.ObjectModel.Collection`1[System.Management.Automation.PSObject]","types.d.ts"
,,,
,,,
,,,
,,,
,,,
,,,
,,,
,,,
,,,
,,,
,,,
,,,
,,,
,,,
,,,
"System.Collections.ArrayList","3","System.Collections.ObjectModel.Collection`1[System.Management.Automation.PSObject]","esbuild.exe"
,,,
,,,
,,,
"System.Collections.ArrayList","18","System.Collections.ObjectModel.Collection`1[System.Management.Automation.PSObject]","index.cjs"
,,,
,,,
,,,
,,,
,,,
,,,
,,,
,,,
,,,
,,,
,,,
,,,
,,,
,,,
,,,
,,,
,,,
,,,
"System.Collections.ArrayList","35","System.Collections.ObjectModel.Collection`1[System.Management.Automation.PSObject]","index.mjs.map"
,,,
,,,
,,,
,,,
,,,
,,,
,,,
,,,
,,,
,,,
,,,
,,,
,,,
,,,
,,,
,,,
,,,
,,,
,,,
,,,
,,,
,,,
,,,
,,,
,,,
,,,
,,,
,,,
,,,
,,,
,,,
,,,
,,,
,,,
,,,
"System.Collections.ArrayList","3","System.Collections.ObjectModel.Collection`1[System.Management.Automation.PSObject]","node.d.ts"
,,,
,,,
,,,
"System.Collections.ArrayList","2","System.Collections.ObjectModel.Collection`1[System.Management.Automation.PSObject]","node.mjs"
,,,
,,,
"System.Collections.ArrayList","2","System.Collections.ObjectModel.Collection`1[System.Management.Automation.PSObject]","web.d.ts"
,,,
,,,
"System.Collections.ArrayList","2","System.Collections.ObjectModel.Collection`1[System.Management.Automation.PSObject]","versions.json"
,,,
,,,
"System.Collections.ArrayList","2","System.Collections.ObjectModel.Collection`1[System.Management.Automation.PSObject]","sourcemap-segment.ts"
,,,
,,,
"System.Collections.ArrayList","2","System.Collections.ObjectModel.Collection`1[System.Management.Automation.PSObject]","sourcemap-segment.d.cts"
,,,
,,,
"System.Collections.ArrayList","2","System.Collections.ObjectModel.Collection`1[System.Management.Automation.PSObject]","sourcemap-segment.d.cts.map"
,,,
,,,
"System.Collections.ArrayList","2","System.Collections.ObjectModel.Collection`1[System.Management.Automation.PSObject]","sourcemap-segment.d.mts"
,,,
,,,
"System.Collections.ArrayList","2","System.Collections.ObjectModel.Collection`1[System.Management.Automation.PSObject]","sourcemap-segment.d.mts.map"
,,,
,,,
"System.Collections.ArrayList","3","System.Collections.ObjectModel.Collection`1[System.Management.Automation.PSObject]","types.d.cts"
,,,
,,,
,,,
"System.Collections.ArrayList","3","System.Collections.ObjectModel.Collection`1[System.Management.Automation.PSObject]","types.d.cts.map"
,,,
,,,
,,,
"System.Collections.ArrayList","6","System.Collections.ObjectModel.Collection`1[System.Management.Automation.PSObject]","types.d.mts"
,,,
,,,
,,,
,,,
,,,
,,,
"System.Collections.ArrayList","3","System.Collections.ObjectModel.Collection`1[System.Management.Automation.PSObject]","types.d.mts.map"
,,,
,,,
,,,
"System.Collections.ArrayList","2","System.Collections.ObjectModel.Collection`1[System.Management.Automation.PSObject]","formatter.d.ts"
,,,
,,,
"System.Collections.ArrayList","16","System.Collections.ObjectModel.Collection`1[System.Management.Automation.PSObject]","main.d.ts"
,,,
,,,
,,,
,,,
,,,
,,,
,,,
,,,
,,,
,,,
,,,
,,,
,,,
,,,
,,,
,,,
"System.Collections.ArrayList","14","System.Collections.ObjectModel.Collection`1[System.Management.Automation.PSObject]","main.js"
,,,
,,,
,,,
,,,
,,,
,,,
,,,
,,,
,,,
,,,
,,,
,,,
,,,
,,,
"System.Collections.ArrayList","2","System.Collections.ObjectModel.Collection`1[System.Management.Automation.PSObject]","themes.d.ts"
,,,
,,,
"System.Collections.ArrayList","3","System.Collections.ObjectModel.Collection`1[System.Management.Automation.PSObject]","helpers.d.ts"
,,,
,,,
,,,
"System.Collections.ArrayList","2","System.Collections.ObjectModel.Collection`1[System.Management.Automation.PSObject]","parser.d.ts"
,,,
,,,
"System.Collections.ArrayList","8","System.Collections.ObjectModel.Collection`1[System.Management.Automation.PSObject]",".npmignore"
,,,
,,,
,,,
,,,
,,,
,,,
,,,
,,,
"System.Collections.ArrayList","4","System.Collections.ObjectModel.Collection`1[System.Management.Automation.PSObject]","utils.d.ts"
,,,
,,,
,,,
,,,
"System.Collections.ArrayList","4","System.Collections.ObjectModel.Collection`1[System.Management.Automation.PSObject]","common.d.ts"
,,,
,,,
,,,
,,,
"System.Collections.ArrayList","2","System.Collections.ObjectModel.Collection`1[System.Management.Automation.PSObject]","common.d.ts.map"
,,,
,,,
"System.Collections.ArrayList","6","System.Collections.ObjectModel.Collection`1[System.Management.Automation.PSObject]","common.js"
,,,
,,,
,,,
,,,
,,,
,,,
"System.Collections.ArrayList","2","System.Collections.ObjectModel.Collection`1[System.Management.Automation.PSObject]","detect.d.ts"
,,,
,,,
"System.Collections.ArrayList","2","System.Collections.ObjectModel.Collection`1[System.Management.Automation.PSObject]","detect.d.ts.map"
,,,
,,,
"System.Collections.ArrayList","2","System.Collections.ObjectModel.Collection`1[System.Management.Automation.PSObject]","detect.js"
,,,
,,,
"System.Collections.ArrayList","4","System.Collections.ObjectModel.Collection`1[System.Management.Automation.PSObject]","index.d.ts.map"
,,,
,,,
,,,
,,,
"System.Collections.ArrayList","2","System.Collections.ObjectModel.Collection`1[System.Management.Automation.PSObject]","terminal.d.ts"
,,,
,,,
"System.Collections.ArrayList","2","System.Collections.ObjectModel.Collection`1[System.Management.Automation.PSObject]","terminal.d.ts.map"
,,,
,,,
"System.Collections.ArrayList","3","System.Collections.ObjectModel.Collection`1[System.Management.Automation.PSObject]","terminal.js"
,,,
,,,
,,,
"System.Collections.ArrayList","2","System.Collections.ObjectModel.Collection`1[System.Management.Automation.PSObject]","asm.d.ts"
,,,
,,,
"System.Collections.ArrayList","2","System.Collections.ObjectModel.Collection`1[System.Management.Automation.PSObject]","asm.d.ts.map"
,,,
,,,
"System.Collections.ArrayList","2","System.Collections.ObjectModel.Collection`1[System.Management.Automation.PSObject]","asm.js"
,,,
,,,
"System.Collections.ArrayList","2","System.Collections.ObjectModel.Collection`1[System.Management.Automation.PSObject]","bash.d.ts"
,,,
,,,
"System.Collections.ArrayList","2","System.Collections.ObjectModel.Collection`1[System.Management.Automation.PSObject]","bash.d.ts.map"
,,,
,,,
"System.Collections.ArrayList","2","System.Collections.ObjectModel.Collection`1[System.Management.Automation.PSObject]","bash.js"
,,,
,,,
"System.Collections.ArrayList","2","System.Collections.ObjectModel.Collection`1[System.Management.Automation.PSObject]","bf.d.ts"
,,,
,,,
"System.Collections.ArrayList","2","System.Collections.ObjectModel.Collection`1[System.Management.Automation.PSObject]","bf.d.ts.map"
,,,
,,,
"System.Collections.ArrayList","3","System.Collections.ObjectModel.Collection`1[System.Management.Automation.PSObject]","bf.js"
,,,
,,,
,,,
"System.Collections.ArrayList","2","System.Collections.ObjectModel.Collection`1[System.Management.Automation.PSObject]","c.d.ts"
,,,
,,,
"System.Collections.ArrayList","2","System.Collections.ObjectModel.Collection`1[System.Management.Automation.PSObject]","c.d.ts.map"
,,,
,,,
"System.Collections.ArrayList","2","System.Collections.ObjectModel.Collection`1[System.Management.Automation.PSObject]","c.js"
,,,
,,,
"System.Collections.ArrayList","2","System.Collections.ObjectModel.Collection`1[System.Management.Automation.PSObject]","css.d.ts"
,,,
,,,
"System.Collections.ArrayList","2","System.Collections.ObjectModel.Collection`1[System.Management.Automation.PSObject]","css.d.ts.map"
,,,
,,,
"System.Collections.ArrayList","2","System.Collections.ObjectModel.Collection`1[System.Management.Automation.PSObject]","css.js"
,,,
,,,
"System.Collections.ArrayList","2","System.Collections.ObjectModel.Collection`1[System.Management.Automation.PSObject]","csv.d.ts"
,,,
,,,
"System.Collections.ArrayList","2","System.Collections.ObjectModel.Collection`1[System.Management.Automation.PSObject]","csv.d.ts.map"
,,,
,,,
"System.Collections.ArrayList","2","System.Collections.ObjectModel.Collection`1[System.Management.Automation.PSObject]","csv.js"
,,,
,,,
"System.Collections.ArrayList","2","System.Collections.ObjectModel.Collection`1[System.Management.Automation.PSObject]","diff.d.ts"
,,,
,,,
"System.Collections.ArrayList","2","System.Collections.ObjectModel.Collection`1[System.Management.Automation.PSObject]","diff.d.ts.map"
,,,
,,,
"System.Collections.ArrayList","4","System.Collections.ObjectModel.Collection`1[System.Management.Automation.PSObject]","diff.js"
,,,
,,,
,,,
,,,
"System.Collections.ArrayList","2","System.Collections.ObjectModel.Collection`1[System.Management.Automation.PSObject]","docker.d.ts"
,,,
,,,
"System.Collections.ArrayList","2","System.Collections.ObjectModel.Collection`1[System.Management.Automation.PSObject]","docker.d.ts.map"
,,,
,,,
"System.Collections.ArrayList","2","System.Collections.ObjectModel.Collection`1[System.Management.Automation.PSObject]","docker.js"
,,,
,,,
"System.Collections.ArrayList","2","System.Collections.ObjectModel.Collection`1[System.Management.Automation.PSObject]","git.d.ts"
,,,
,,,
"System.Collections.ArrayList","2","System.Collections.ObjectModel.Collection`1[System.Management.Automation.PSObject]","git.d.ts.map"
,,,
,,,
"System.Collections.ArrayList","2","System.Collections.ObjectModel.Collection`1[System.Management.Automation.PSObject]","git.js"
,,,
,,,
"System.Collections.ArrayList","2","System.Collections.ObjectModel.Collection`1[System.Management.Automation.PSObject]","go.d.ts"
,,,
,,,
"System.Collections.ArrayList","2","System.Collections.ObjectModel.Collection`1[System.Management.Automation.PSObject]","go.d.ts.map"
,,,
,,,
"System.Collections.ArrayList","2","System.Collections.ObjectModel.Collection`1[System.Management.Automation.PSObject]","go.js"
,,,
,,,
"System.Collections.ArrayList","2","System.Collections.ObjectModel.Collection`1[System.Management.Automation.PSObject]","html.d.ts"
,,,
,,,
"System.Collections.ArrayList","2","System.Collections.ObjectModel.Collection`1[System.Management.Automation.PSObject]","html.d.ts.map"
,,,
,,,
"System.Collections.ArrayList","2","System.Collections.ObjectModel.Collection`1[System.Management.Automation.PSObject]","html.js"
,,,
,,,
"System.Collections.ArrayList","3","System.Collections.ObjectModel.Collection`1[System.Management.Automation.PSObject]","http.d.ts"
,,,
,,,
,,,
"System.Collections.ArrayList","2","System.Collections.ObjectModel.Collection`1[System.Management.Automation.PSObject]","http.d.ts.map"
,,,
,,,
"System.Collections.ArrayList","2","System.Collections.ObjectModel.Collection`1[System.Management.Automation.PSObject]","http.js"
,,,
,,,
"System.Collections.ArrayList","2","System.Collections.ObjectModel.Collection`1[System.Management.Automation.PSObject]","ini.d.ts"
,,,
,,,
"System.Collections.ArrayList","2","System.Collections.ObjectModel.Collection`1[System.Management.Automation.PSObject]","ini.d.ts.map"
,,,
,,,
"System.Collections.ArrayList","2","System.Collections.ObjectModel.Collection`1[System.Management.Automation.PSObject]","ini.js"
,,,
,,,
"System.Collections.ArrayList","2","System.Collections.ObjectModel.Collection`1[System.Management.Automation.PSObject]","java.d.ts"
,,,
,,,
"System.Collections.ArrayList","2","System.Collections.ObjectModel.Collection`1[System.Management.Automation.PSObject]","java.d.ts.map"
,,,
,,,
"System.Collections.ArrayList","2","System.Collections.ObjectModel.Collection`1[System.Management.Automation.PSObject]","java.js"
,,,
,,,
"System.Collections.ArrayList","2","System.Collections.ObjectModel.Collection`1[System.Management.Automation.PSObject]","js.d.ts"
,,,
,,,
"System.Collections.ArrayList","2","System.Collections.ObjectModel.Collection`1[System.Management.Automation.PSObject]","js.d.ts.map"
,,,
,,,
"System.Collections.ArrayList","2","System.Collections.ObjectModel.Collection`1[System.Management.Automation.PSObject]","js.js"
,,,
,,,
"System.Collections.ArrayList","2","System.Collections.ObjectModel.Collection`1[System.Management.Automation.PSObject]","jsdoc.d.ts"
,,,
,,,
"System.Collections.ArrayList","2","System.Collections.ObjectModel.Collection`1[System.Management.Automation.PSObject]","jsdoc.d.ts.map"
,,,
,,,
"System.Collections.ArrayList","2","System.Collections.ObjectModel.Collection`1[System.Management.Automation.PSObject]","jsdoc.js"
,,,
,,,
"System.Collections.ArrayList","2","System.Collections.ObjectModel.Collection`1[System.Management.Automation.PSObject]","json.d.ts"
,,,
,,,
"System.Collections.ArrayList","2","System.Collections.ObjectModel.Collection`1[System.Management.Automation.PSObject]","json.d.ts.map"
,,,
,,,
"System.Collections.ArrayList","4","System.Collections.ObjectModel.Collection`1[System.Management.Automation.PSObject]","json.js"
,,,
,,,
,,,
,,,
"System.Collections.ArrayList","2","System.Collections.ObjectModel.Collection`1[System.Management.Automation.PSObject]","js_template_literals.d.ts"
,,,
,,,
"System.Collections.ArrayList","2","System.Collections.ObjectModel.Collection`1[System.Management.Automation.PSObject]","js_template_literals.d.ts.map"
,,,
,,,
"System.Collections.ArrayList","2","System.Collections.ObjectModel.Collection`1[System.Management.Automation.PSObject]","js_template_literals.js"
,,,
,,,
"System.Collections.ArrayList","2","System.Collections.ObjectModel.Collection`1[System.Management.Automation.PSObject]","leanpub-md.d.ts"
,,,
,,,
"System.Collections.ArrayList","2","System.Collections.ObjectModel.Collection`1[System.Management.Automation.PSObject]","leanpub-md.d.ts.map"
,,,
,,,
"System.Collections.ArrayList","2","System.Collections.ObjectModel.Collection`1[System.Management.Automation.PSObject]","leanpub-md.js"
,,,
,,,
"System.Collections.ArrayList","2","System.Collections.ObjectModel.Collection`1[System.Management.Automation.PSObject]","log.d.ts"
,,,
,,,
"System.Collections.ArrayList","2","System.Collections.ObjectModel.Collection`1[System.Management.Automation.PSObject]","log.d.ts.map"
,,,
,,,
"System.Collections.ArrayList","2","System.Collections.ObjectModel.Collection`1[System.Management.Automation.PSObject]","log.js"
,,,
,,,
"System.Collections.ArrayList","2","System.Collections.ObjectModel.Collection`1[System.Management.Automation.PSObject]","lua.d.ts"
,,,
,,,
"System.Collections.ArrayList","2","System.Collections.ObjectModel.Collection`1[System.Management.Automation.PSObject]","lua.d.ts.map"
,,,
,,,
"System.Collections.ArrayList","2","System.Collections.ObjectModel.Collection`1[System.Management.Automation.PSObject]","lua.js"
,,,
,,,
"System.Collections.ArrayList","2","System.Collections.ObjectModel.Collection`1[System.Management.Automation.PSObject]","make.d.ts"
,,,
,,,
"System.Collections.ArrayList","2","System.Collections.ObjectModel.Collection`1[System.Management.Automation.PSObject]","make.d.ts.map"
,,,
,,,
"System.Collections.ArrayList","2","System.Collections.ObjectModel.Collection`1[System.Management.Automation.PSObject]","make.js"
,,,
,,,
"System.Collections.ArrayList","2","System.Collections.ObjectModel.Collection`1[System.Management.Automation.PSObject]","md.d.ts"
,,,
,,,
"System.Collections.ArrayList","2","System.Collections.ObjectModel.Collection`1[System.Management.Automation.PSObject]","md.d.ts.map"
,,,
,,,
"System.Collections.ArrayList","3","System.Collections.ObjectModel.Collection`1[System.Management.Automation.PSObject]","md.js"
,,,
,,,
,,,
"System.Collections.ArrayList","2","System.Collections.ObjectModel.Collection`1[System.Management.Automation.PSObject]","pl.d.ts"
,,,
,,,
"System.Collections.ArrayList","2","System.Collections.ObjectModel.Collection`1[System.Management.Automation.PSObject]","pl.d.ts.map"
,,,
,,,
"System.Collections.ArrayList","3","System.Collections.ObjectModel.Collection`1[System.Management.Automation.PSObject]","pl.js"
,,,
,,,
,,,
"System.Collections.ArrayList","2","System.Collections.ObjectModel.Collection`1[System.Management.Automation.PSObject]","plain.d.ts"
,,,
,,,
"System.Collections.ArrayList","2","System.Collections.ObjectModel.Collection`1[System.Management.Automation.PSObject]","plain.d.ts.map"
,,,
,,,
"System.Collections.ArrayList","2","System.Collections.ObjectModel.Collection`1[System.Management.Automation.PSObject]","plain.js"
,,,
,,,
"System.Collections.ArrayList","2","System.Collections.ObjectModel.Collection`1[System.Management.Automation.PSObject]","py.d.ts"
,,,
,,,
"System.Collections.ArrayList","2","System.Collections.ObjectModel.Collection`1[System.Management.Automation.PSObject]","py.d.ts.map"
,,,
,,,
"System.Collections.ArrayList","3","System.Collections.ObjectModel.Collection`1[System.Management.Automation.PSObject]","py.js"
,,,
,,,
,,,
"System.Collections.ArrayList","2","System.Collections.ObjectModel.Collection`1[System.Management.Automation.PSObject]","regex.d.ts"
,,,
,,,
"System.Collections.ArrayList","2","System.Collections.ObjectModel.Collection`1[System.Management.Automation.PSObject]","regex.d.ts.map"
,,,
,,,
"System.Collections.ArrayList","3","System.Collections.ObjectModel.Collection`1[System.Management.Automation.PSObject]","regex.js"
,,,
,,,
,,,
"System.Collections.ArrayList","2","System.Collections.ObjectModel.Collection`1[System.Management.Automation.PSObject]","rs.d.ts"
,,,
,,,
"System.Collections.ArrayList","2","System.Collections.ObjectModel.Collection`1[System.Management.Automation.PSObject]","rs.d.ts.map"
,,,
,,,
"System.Collections.ArrayList","3","System.Collections.ObjectModel.Collection`1[System.Management.Automation.PSObject]","rs.js"
,,,
,,,
,,,
"System.Collections.ArrayList","2","System.Collections.ObjectModel.Collection`1[System.Management.Automation.PSObject]","sql.d.ts"
,,,
,,,
"System.Collections.ArrayList","2","System.Collections.ObjectModel.Collection`1[System.Management.Automation.PSObject]","sql.d.ts.map"
,,,
,,,
"System.Collections.ArrayList","2","System.Collections.ObjectModel.Collection`1[System.Management.Automation.PSObject]","sql.js"
,,,
,,,
"System.Collections.ArrayList","2","System.Collections.ObjectModel.Collection`1[System.Management.Automation.PSObject]","todo.d.ts"
,,,
,,,
"System.Collections.ArrayList","2","System.Collections.ObjectModel.Collection`1[System.Management.Automation.PSObject]","todo.d.ts.map"
,,,
,,,
"System.Collections.ArrayList","2","System.Collections.ObjectModel.Collection`1[System.Management.Automation.PSObject]","todo.js"
,,,
,,,
"System.Collections.ArrayList","2","System.Collections.ObjectModel.Collection`1[System.Management.Automation.PSObject]","toml.d.ts"
,,,
,,,
"System.Collections.ArrayList","2","System.Collections.ObjectModel.Collection`1[System.Management.Automation.PSObject]","toml.d.ts.map"
,,,
,,,
"System.Collections.ArrayList","2","System.Collections.ObjectModel.Collection`1[System.Management.Automation.PSObject]","toml.js"
,,,
,,,
"System.Collections.ArrayList","2","System.Collections.ObjectModel.Collection`1[System.Management.Automation.PSObject]","ts.d.ts"
,,,
,,,
"System.Collections.ArrayList","2","System.Collections.ObjectModel.Collection`1[System.Management.Automation.PSObject]","ts.d.ts.map"
,,,
,,,
"System.Collections.ArrayList","2","System.Collections.ObjectModel.Collection`1[System.Management.Automation.PSObject]","ts.js"
,,,
,,,
"System.Collections.ArrayList","3","System.Collections.ObjectModel.Collection`1[System.Management.Automation.PSObject]","uri.d.ts"
,,,
,,,
,,,
"System.Collections.ArrayList","2","System.Collections.ObjectModel.Collection`1[System.Management.Automation.PSObject]","uri.d.ts.map"
,,,
,,,
"System.Collections.ArrayList","3","System.Collections.ObjectModel.Collection`1[System.Management.Automation.PSObject]","uri.js"
,,,
,,,
,,,
"System.Collections.ArrayList","2","System.Collections.ObjectModel.Collection`1[System.Management.Automation.PSObject]","xml.d.ts"
,,,
,,,
"System.Collections.ArrayList","2","System.Collections.ObjectModel.Collection`1[System.Management.Automation.PSObject]","xml.d.ts.map"
,,,
,,,
"System.Collections.ArrayList","2","System.Collections.ObjectModel.Collection`1[System.Management.Automation.PSObject]","xml.js"
,,,
,,,
"System.Collections.ArrayList","2","System.Collections.ObjectModel.Collection`1[System.Management.Automation.PSObject]","yaml.d.ts"
,,,
,,,
"System.Collections.ArrayList","2","System.Collections.ObjectModel.Collection`1[System.Management.Automation.PSObject]","yaml.d.ts.map"
,,,
,,,
"System.Collections.ArrayList","2","System.Collections.ObjectModel.Collection`1[System.Management.Automation.PSObject]","yaml.js"
,,,
,,,
"System.Collections.ArrayList","2","System.Collections.ObjectModel.Collection`1[System.Management.Automation.PSObject]","atom-dark.d.ts"
,,,
,,,
"System.Collections.ArrayList","2","System.Collections.ObjectModel.Collection`1[System.Management.Automation.PSObject]","atom-dark.d.ts.map"
,,,
,,,
"System.Collections.ArrayList","2","System.Collections.ObjectModel.Collection`1[System.Management.Automation.PSObject]","atom-dark.js"
,,,
,,,
"System.Collections.ArrayList","2","System.Collections.ObjectModel.Collection`1[System.Management.Automation.PSObject]","default.d.ts"
,,,
,,,
"System.Collections.ArrayList","2","System.Collections.ObjectModel.Collection`1[System.Management.Automation.PSObject]","default.d.ts.map"
,,,
,,,
"System.Collections.ArrayList","2","System.Collections.ObjectModel.Collection`1[System.Management.Automation.PSObject]","default.js"
,,,
,,,
"System.Collections.ArrayList","2","System.Collections.ObjectModel.Collection`1[System.Management.Automation.PSObject]","termcolor.d.ts"
,,,
,,,
"System.Collections.ArrayList","2","System.Collections.ObjectModel.Collection`1[System.Management.Automation.PSObject]","termcolor.d.ts.map"
,,,
,,,
"System.Collections.ArrayList","2","System.Collections.ObjectModel.Collection`1[System.Management.Automation.PSObject]","termcolor.js"
,,,
,,,
"System.Collections.ArrayList","2","System.Collections.ObjectModel.Collection`1[System.Management.Automation.PSObject]","lite.d.ts"
,,,
,,,
"System.Collections.ArrayList","2","System.Collections.ObjectModel.Collection`1[System.Management.Automation.PSObject]","buffer.buffer.d.ts"
,,,
,,,
"System.Collections.ArrayList","2","System.Collections.ObjectModel.Collection`1[System.Management.Automation.PSObject]","constants.d.ts"
,,,
,,,
"System.Collections.ArrayList","4","System.Collections.ObjectModel.Collection`1[System.Management.Automation.PSObject]","crypto.d.ts"
,,,
,,,
,,,
,,,
"System.Collections.ArrayList","2","System.Collections.ObjectModel.Collection`1[System.Management.Automation.PSObject]","events.d.ts"
,,,
,,,
"System.Collections.ArrayList","2","System.Collections.ObjectModel.Collection`1[System.Management.Automation.PSObject]","globals.typedarray.d.ts"
,,,
,,,
"System.Collections.ArrayList","5","System.Collections.ObjectModel.Collection`1[System.Management.Automation.PSObject]","util.d.ts"
,,,
,,,
,,,
,,,
,,,
"System.Collections.ArrayList","3","System.Collections.ObjectModel.Collection`1[System.Management.Automation.PSObject]","disposable.d.ts"
,,,
,,,
,,,
"System.Collections.ArrayList","5","System.Collections.ObjectModel.Collection`1[System.Management.Automation.PSObject]","promises.d.ts"
,,,
,,,
,,,
,,,
,,,
"System.Collections.ArrayList","3","System.Collections.ObjectModel.Collection`1[System.Management.Automation.PSObject]","fetch.d.ts"
,,,
,,,
,,,
"System.Collections.ArrayList","30","System.Collections.ObjectModel.Collection`1[System.Management.Automation.PSObject]","HISTORY.md"
,,,
,,,
,,,
,,,
,,,
,,,
,,,
,,,
,,,
,,,
,,,
,,,
,,,
,,,
,,,
,,,
,,,
,,,
,,,
,,,
,,,
,,,
,,,
,,,
,,,
,,,
,,,
,,,
,,,
,,,
"System.Collections.ArrayList","2","System.Collections.ObjectModel.Collection`1[System.Management.Automation.PSObject]","prefixes.js"
,,,
,,,
"System.Collections.ArrayList","2","System.Collections.ObjectModel.Collection`1[System.Management.Automation.PSObject]","at-rule.js"
,,,
,,,
"System.Collections.ArrayList","2","System.Collections.ObjectModel.Collection`1[System.Management.Automation.PSObject]","brackets.js"
,,,
,,,
"System.Collections.ArrayList","3","System.Collections.ObjectModel.Collection`1[System.Management.Automation.PSObject]","browsers.js"
,,,
,,,
,,,
"System.Collections.ArrayList","2","System.Collections.ObjectModel.Collection`1[System.Management.Automation.PSObject]","declaration.js"
,,,
,,,
"System.Collections.ArrayList","2","System.Collections.ObjectModel.Collection`1[System.Management.Automation.PSObject]","info.js"
,,,
,,,
"System.Collections.ArrayList","2","System.Collections.ObjectModel.Collection`1[System.Management.Automation.PSObject]","processor.js"
,,,
,,,
"System.Collections.ArrayList","2","System.Collections.ObjectModel.Collection`1[System.Management.Automation.PSObject]","border-image.js"
,,,
,,,
"System.Collections.ArrayList","2","System.Collections.ObjectModel.Collection`1[System.Management.Automation.PSObject]","border-radius.js"
,,,
,,,
"System.Collections.ArrayList","2","System.Collections.ObjectModel.Collection`1[System.Management.Automation.PSObject]","filter.js"
,,,
,,,
"System.Collections.ArrayList","3","System.Collections.ObjectModel.Collection`1[System.Management.Automation.PSObject]","fullscreen.js"
,,,
,,,
,,,
"System.Collections.ArrayList","2","System.Collections.ObjectModel.Collection`1[System.Management.Automation.PSObject]","text-decoration.js"
,,,
,,,
"System.Collections.ArrayList","4","System.Collections.ObjectModel.Collection`1[System.Management.Automation.PSObject]","LICENSE.txt"
,,,
,,,
,,,
,,,
"System.Collections.ArrayList","2","System.Collections.ObjectModel.Collection`1[System.Management.Automation.PSObject]","cli.cjs"
,,,
,,,
"System.Collections.ArrayList","2","System.Collections.ObjectModel.Collection`1[System.Management.Automation.PSObject]","browser.d.ts"
,,,
,,,
"System.Collections.ArrayList","9","System.Collections.ObjectModel.Collection`1[System.Management.Automation.PSObject]","browser.js"
,,,
,,,
,,,
,,,
,,,
,,,
,,,
,,,
,,,
"System.Collections.ArrayList","2","System.Collections.ObjectModel.Collection`1[System.Management.Automation.PSObject]","browser.test.d.ts"
,,,
,,,
"System.Collections.ArrayList","2","System.Collections.ObjectModel.Collection`1[System.Management.Automation.PSObject]","browser.test.js"
,,,
,,,
"System.Collections.ArrayList","2","System.Collections.ObjectModel.Collection`1[System.Management.Automation.PSObject]","browser.test.js.map"
,,,
,,,
"System.Collections.ArrayList","2","System.Collections.ObjectModel.Collection`1[System.Management.Automation.PSObject]","node.test.d.ts"
,,,
,,,
"System.Collections.ArrayList","2","System.Collections.ObjectModel.Collection`1[System.Management.Automation.PSObject]","node.test.js"
,,,
,,,
"System.Collections.ArrayList","2","System.Collections.ObjectModel.Collection`1[System.Management.Automation.PSObject]","node.test.js.map"
,,,
,,,
"System.Collections.ArrayList","2","System.Collections.ObjectModel.Collection`1[System.Management.Automation.PSObject]","disposable.js"
,,,
,,,
"System.Collections.ArrayList","2","System.Collections.ObjectModel.Collection`1[System.Management.Automation.PSObject]","disposable.js.map"
,,,
,,,
"System.Collections.ArrayList","2","System.Collections.ObjectModel.Collection`1[System.Management.Automation.PSObject]","disposable.test.d.ts"
,,,
,,,
"System.Collections.ArrayList","2","System.Collections.ObjectModel.Collection`1[System.Management.Automation.PSObject]","disposable.test.js"
,,,
,,,
"System.Collections.ArrayList","2","System.Collections.ObjectModel.Collection`1[System.Management.Automation.PSObject]","disposable.test.js.map"
,,,
,,,
"System.Collections.ArrayList","8","System.Collections.ObjectModel.Collection`1[System.Management.Automation.PSObject]","hash-fn.d.ts"
,,,
,,,
,,,
,,,
,,,
,,,
,,,
,,,
"System.Collections.ArrayList","8","System.Collections.ObjectModel.Collection`1[System.Management.Automation.PSObject]","hash-fn.js"
,,,
,,,
,,,
,,,
,,,
,,,
,,,
,,,
"System.Collections.ArrayList","8","System.Collections.ObjectModel.Collection`1[System.Management.Automation.PSObject]","hash-fn.js.map"
,,,
,,,
,,,
,,,
,,,
,,,
,,,
,,,
"System.Collections.ArrayList","8","System.Collections.ObjectModel.Collection`1[System.Management.Automation.PSObject]","hash-instance.d.ts"
,,,
,,,
,,,
,,,
,,,
,,,
,,,
,,,
"System.Collections.ArrayList","8","System.Collections.ObjectModel.Collection`1[System.Management.Automation.PSObject]","hash-instance.js"
,,,
,,,
,,,
,,,
,,,
,,,
,,,
,,,
"System.Collections.ArrayList","8","System.Collections.ObjectModel.Collection`1[System.Management.Automation.PSObject]","hash-instance.js.map"
,,,
,,,
,,,
,,,
,,,
,,,
,,,
,,,
"System.Collections.ArrayList","6","System.Collections.ObjectModel.Collection`1[System.Management.Automation.PSObject]","hash-reader.d.ts"
,,,
,,,
,,,
,,,
,,,
,,,
"System.Collections.ArrayList","6","System.Collections.ObjectModel.Collection`1[System.Management.Automation.PSObject]","hash-reader.js"
,,,
,,,
,,,
,,,
,,,
,,,
"System.Collections.ArrayList","6","System.Collections.ObjectModel.Collection`1[System.Management.Automation.PSObject]","hash-reader.js.map"
,,,
,,,
,,,
,,,
,,,
,,,
"System.Collections.ArrayList","2","System.Collections.ObjectModel.Collection`1[System.Management.Automation.PSObject]","test-helpers.d.ts"
,,,
,,,
"System.Collections.ArrayList","2","System.Collections.ObjectModel.Collection`1[System.Management.Automation.PSObject]","test-helpers.js"
,,,
,,,
"System.Collections.ArrayList","2","System.Collections.ObjectModel.Collection`1[System.Management.Automation.PSObject]","test-helpers.js.map"
,,,
,,,
"System.Collections.ArrayList","2","System.Collections.ObjectModel.Collection`1[System.Management.Automation.PSObject]","encoding.d.ts"
,,,
,,,
"System.Collections.ArrayList","3","System.Collections.ObjectModel.Collection`1[System.Management.Automation.PSObject]","encoding.js"
,,,
,,,
,,,
"System.Collections.ArrayList","2","System.Collections.ObjectModel.Collection`1[System.Management.Automation.PSObject]","encoding.js.map"
,,,
,,,
"System.Collections.ArrayList","2","System.Collections.ObjectModel.Collection`1[System.Management.Automation.PSObject]","hash.d.ts"
,,,
,,,
"System.Collections.ArrayList","3","System.Collections.ObjectModel.Collection`1[System.Management.Automation.PSObject]","hash.js"
,,,
,,,
,,,
"System.Collections.ArrayList","3","System.Collections.ObjectModel.Collection`1[System.Management.Automation.PSObject]","hash.js.map"
,,,
,,,
,,,
"System.Collections.ArrayList","4","System.Collections.ObjectModel.Collection`1[System.Management.Automation.PSObject]","wasm.d.ts"
,,,
,,,
,,,
,,,
"System.Collections.ArrayList","5","System.Collections.ObjectModel.Collection`1[System.Management.Automation.PSObject]","wasm.js"
,,,
,,,
,,,
,,,
,,,
"System.Collections.ArrayList","4","System.Collections.ObjectModel.Collection`1[System.Management.Automation.PSObject]","wasm.js.map"
,,,
,,,
,,,
,,,
"System.Collections.ArrayList","2","System.Collections.ObjectModel.Collection`1[System.Management.Automation.PSObject]","add-js-extensions.d.ts"
,,,
,,,
"System.Collections.ArrayList","2","System.Collections.ObjectModel.Collection`1[System.Management.Automation.PSObject]","add-js-extensions.js"
,,,
,,,
"System.Collections.ArrayList","2","System.Collections.ObjectModel.Collection`1[System.Management.Automation.PSObject]","add-js-extensions.js.map"
,,,
,,,
"System.Collections.ArrayList","2","System.Collections.ObjectModel.Collection`1[System.Management.Automation.PSObject]","generate-tasks.d.ts"
,,,
,,,
"System.Collections.ArrayList","2","System.Collections.ObjectModel.Collection`1[System.Management.Automation.PSObject]","generate-tasks.js"
,,,
,,,
"System.Collections.ArrayList","2","System.Collections.ObjectModel.Collection`1[System.Management.Automation.PSObject]","generate-tasks.js.map"
,,,
,,,
"System.Collections.ArrayList","2","System.Collections.ObjectModel.Collection`1[System.Management.Automation.PSObject]","install.d.ts"
,,,
,,,
"System.Collections.ArrayList","6","System.Collections.ObjectModel.Collection`1[System.Management.Automation.PSObject]","install.js"
,,,
,,,
,,,
,,,
,,,
,,,
"System.Collections.ArrayList","2","System.Collections.ObjectModel.Collection`1[System.Management.Automation.PSObject]","install.js.map"
,,,
,,,
"System.Collections.ArrayList","2","System.Collections.ObjectModel.Collection`1[System.Management.Automation.PSObject]","versions.d.ts"
,,,
,,,
"System.Collections.ArrayList","3","System.Collections.ObjectModel.Collection`1[System.Management.Automation.PSObject]","versions.js"
,,,
,,,
,,,
"System.Collections.ArrayList","2","System.Collections.ObjectModel.Collection`1[System.Management.Automation.PSObject]","versions.js.map"
,,,
,,,
"System.Collections.ArrayList","2","System.Collections.ObjectModel.Collection`1[System.Management.Automation.PSObject]","native.d.ts"
,,,
,,,
"System.Collections.ArrayList","3","System.Collections.ObjectModel.Collection`1[System.Management.Automation.PSObject]","native.js"
,,,
,,,
,,,
"System.Collections.ArrayList","2","System.Collections.ObjectModel.Collection`1[System.Management.Automation.PSObject]","native.js.map"
,,,
,,,
"System.Collections.ArrayList","3","System.Collections.ObjectModel.Collection`1[System.Management.Automation.PSObject]","blake3_js.d.ts"
,,,
,,,
,,,
"System.Collections.ArrayList","3","System.Collections.ObjectModel.Collection`1[System.Management.Automation.PSObject]","blake3_js.js"
,,,
,,,
,,,
"System.Collections.ArrayList","3","System.Collections.ObjectModel.Collection`1[System.Management.Automation.PSObject]","blake3_js_bg.wasm"
,,,
,,,
,,,
"System.Collections.ArrayList","2","System.Collections.ObjectModel.Collection`1[System.Management.Automation.PSObject]","text.js"
,,,
,,,
"System.Collections.ArrayList","4","System.Collections.ObjectModel.Collection`1[System.Management.Automation.PSObject]",".coveralls.yml"
,,,
,,,
,,,
,,,
"System.Collections.ArrayList","23","System.Collections.ObjectModel.Collection`1[System.Management.Automation.PSObject]",".eslintrc"
,,,
,,,
,,,
,,,
,,,
,,,
,,,
,,,
,,,
,,,
,,,
,,,
,,,
,,,
,,,
,,,
,,,
,,,
,,,
,,,
,,,
,,,
,,,
"System.Collections.ArrayList","6","System.Collections.ObjectModel.Collection`1[System.Management.Automation.PSObject]",".travis.yml"
,,,
,,,
,,,
,,,
,,,
,,,
"System.Collections.ArrayList","5","System.Collections.ObjectModel.Collection`1[System.Management.Automation.PSObject]","component.json"
,,,
,,,
,,,
,,,
,,,
"System.Collections.ArrayList","4","System.Collections.ObjectModel.Collection`1[System.Management.Automation.PSObject]","karma.conf.js"
,,,
,,,
,,,
,,,
"System.Collections.ArrayList","4","System.Collections.ObjectModel.Collection`1[System.Management.Automation.PSObject]","Makefile"
,,,
,,,
,,,
,,,
"System.Collections.ArrayList","11","System.Collections.ObjectModel.Collection`1[System.Management.Automation.PSObject]","node.js"
,,,
,,,
,,,
,,,
,,,
,,,
,,,
,,,
,,,
,,,
,,,
"System.Collections.ArrayList","4","System.Collections.ObjectModel.Collection`1[System.Management.Automation.PSObject]","inspector-log.js"
,,,
,,,
,,,
,,,
"System.Collections.ArrayList","6","System.Collections.ObjectModel.Collection`1[System.Management.Automation.PSObject]","cli.js"
,,,
,,,
,,,
,,,
,,,
,,,
"System.Collections.ArrayList","3","System.Collections.ObjectModel.Collection`1[System.Management.Automation.PSObject]","test.js"
,,,
,,,
,,,
"System.Collections.ArrayList","15","System.Collections.ObjectModel.Collection`1[System.Management.Automation.PSObject]",".nycrc"
,,,
,,,
,,,
,,,
,,,
,,,
,,,
,,,
,,,
,,,
,,,
,,,
,,,
,,,
,,,
"System.Collections.ArrayList","19","System.Collections.ObjectModel.Collection`1[System.Management.Automation.PSObject]","FUNDING.yml"
,,,
,,,
,,,
,,,
,,,
,,,
,,,
,,,
,,,
,,,
,,,
,,,
,,,
,,,
,,,
,,,
,,,
,,,
,,,
"System.Collections.ArrayList","2","System.Collections.ObjectModel.Collection`1[System.Management.Automation.PSObject]","agents.js"
,,,
,,,
"System.Collections.ArrayList","2","System.Collections.ObjectModel.Collection`1[System.Management.Automation.PSObject]","browserVersions.js"
,,,
,,,
"System.Collections.ArrayList","2","System.Collections.ObjectModel.Collection`1[System.Management.Automation.PSObject]","features.js"
,,,
,,,
"System.Collections.ArrayList","2","System.Collections.ObjectModel.Collection`1[System.Management.Automation.PSObject]","versionGroups.js"
,,,
,,,
"System.Collections.ArrayList","2","System.Collections.ObjectModel.Collection`1[System.Management.Automation.PSObject]","bigint.js"
,,,
,,,
"System.Collections.ArrayList","2","System.Collections.ObjectModel.Collection`1[System.Management.Automation.PSObject]","clipboard.js"
,,,
,,,
"System.Collections.ArrayList","2","System.Collections.ObjectModel.Collection`1[System.Management.Automation.PSObject]","download.js"
,,,
,,,
"System.Collections.ArrayList","2","System.Collections.ObjectModel.Collection`1[System.Management.Automation.PSObject]","eventsource.js"
,,,
,,,
"System.Collections.ArrayList","2","System.Collections.ObjectModel.Collection`1[System.Management.Automation.PSObject]","filesystem.js"
,,,
,,,
"System.Collections.ArrayList","2","System.Collections.ObjectModel.Collection`1[System.Management.Automation.PSObject]","gamepad.js"
,,,
,,,
"System.Collections.ArrayList","2","System.Collections.ObjectModel.Collection`1[System.Management.Automation.PSObject]","history.js"
,,,
,,,
"System.Collections.ArrayList","2","System.Collections.ObjectModel.Collection`1[System.Management.Automation.PSObject]","menu.js"
,,,
,,,
"System.Collections.ArrayList","2","System.Collections.ObjectModel.Collection`1[System.Management.Automation.PSObject]","picture-in-picture.js"
,,,
,,,
"System.Collections.ArrayList","2","System.Collections.ObjectModel.Collection`1[System.Management.Automation.PSObject]","pointer.js"
,,,
,,,
"System.Collections.ArrayList","2","System.Collections.ObjectModel.Collection`1[System.Management.Automation.PSObject]","stream.js"
,,,
,,,
"System.Collections.ArrayList","2","System.Collections.ObjectModel.Collection`1[System.Management.Automation.PSObject]","streams.js"
,,,
,,,
"System.Collections.ArrayList","2","System.Collections.ObjectModel.Collection`1[System.Management.Automation.PSObject]","subresource-integrity.js"
,,,
,,,
"System.Collections.ArrayList","2","System.Collections.ObjectModel.Collection`1[System.Management.Automation.PSObject]","temporal.js"
,,,
,,,
"System.Collections.ArrayList","2","System.Collections.ObjectModel.Collection`1[System.Management.Automation.PSObject]","video.js"
,,,
,,,
"System.Collections.ArrayList","2","System.Collections.ObjectModel.Collection`1[System.Management.Automation.PSObject]","GT.js"
,,,
,,,
"System.Collections.ArrayList","2","System.Collections.ObjectModel.Collection`1[System.Management.Automation.PSObject]","LT.js"
,,,
,,,
"System.Collections.ArrayList","2","System.Collections.ObjectModel.Collection`1[System.Management.Automation.PSObject]","RE.js"
,,,
,,,
"System.Collections.ArrayList","2","System.Collections.ObjectModel.Collection`1[System.Management.Automation.PSObject]","TV.js"
,,,
,,,
"System.Collections.ArrayList","8","System.Collections.ObjectModel.Collection`1[System.Management.Automation.PSObject]","SECURITY.md"
,,,
,,,
,,,
,,,
,,,
,,,
,,,
,,,
"System.Collections.ArrayList","2","System.Collections.ObjectModel.Collection`1[System.Management.Automation.PSObject]","SKILL.md"
,,,
,,,
"System.Collections.ArrayList","8","System.Collections.ObjectModel.Collection`1[System.Management.Automation.PSObject]","index.d.cts"
,,,
,,,
,,,
,,,
,,,
,,,
,,,
,,,
"System.Collections.ArrayList","2","System.Collections.ObjectModel.Collection`1[System.Management.Automation.PSObject]","range.js"
,,,
,,,
"System.Collections.ArrayList","3","System.Collections.ObjectModel.Collection`1[System.Management.Automation.PSObject]","type.js"
,,,
,,,
,,,
"System.Collections.ArrayList","4","System.Collections.ObjectModel.Collection`1[System.Management.Automation.PSObject]","request.js"
,,,
,,,
,,,
,,,
"System.Collections.ArrayList","3","System.Collections.ObjectModel.Collection`1[System.Management.Automation.PSObject]","response.js"
,,,
,,,
,,,
"System.Collections.ArrayList","2","System.Collections.ObjectModel.Collection`1[System.Management.Automation.PSObject]","view.js"
,,,
,,,
"System.Collections.ArrayList","2","System.Collections.ObjectModel.Collection`1[System.Management.Automation.PSObject]","route.js"
,,,
,,,
"System.Collections.ArrayList","6","System.Collections.ObjectModel.Collection`1[System.Management.Automation.PSObject]",".editorconfig"
,,,
,,,
,,,
,,,
,,,
,,,
"System.Collections.ArrayList","2","System.Collections.ObjectModel.Collection`1[System.Management.Automation.PSObject]","file.d.ts"
,,,
,,,
"System.Collections.ArrayList","2","System.Collections.ObjectModel.Collection`1[System.Management.Automation.PSObject]","FormData.js"
,,,
,,,
"System.Collections.ArrayList","2","System.Collections.ObjectModel.Collection`1[System.Management.Automation.PSObject]","fraction.js"
,,,
,,,
"System.Collections.ArrayList","4","System.Collections.ObjectModel.Collection`1[System.Management.Automation.PSObject]","client.d.ts"
,,,
,,,
,,,
,,,
"System.Collections.ArrayList","3","System.Collections.ObjectModel.Collection`1[System.Management.Automation.PSObject]","debug.d.ts"
,,,
,,,
,,,
"System.Collections.ArrayList","2","System.Collections.ObjectModel.Collection`1[System.Management.Automation.PSObject]","dom-mini.js"
,,,
,,,
"System.Collections.ArrayList","3","System.Collections.ObjectModel.Collection`1[System.Management.Automation.PSObject]","dom.js"
,,,
,,,
,,,
"System.Collections.ArrayList","2","System.Collections.ObjectModel.Collection`1[System.Management.Automation.PSObject]","mini.d.ts"
,,,
,,,
"System.Collections.ArrayList","3","System.Collections.ObjectModel.Collection`1[System.Management.Automation.PSObject]","mini.js"
,,,
,,,
,,,
"System.Collections.ArrayList","3","System.Collections.ObjectModel.Collection`1[System.Management.Automation.PSObject]","client.js"
,,,
,,,
,,,
"System.Collections.ArrayList","2","System.Collections.ObjectModel.Collection`1[System.Management.Automation.PSObject]","client.mjs"
,,,
,,,
"System.Collections.ArrayList","3","System.Collections.ObjectModel.Collection`1[System.Management.Automation.PSObject]","debug.mjs"
,,,
,,,
,,,
"System.Collections.ArrayList","2","System.Collections.ObjectModel.Collection`1[System.Management.Automation.PSObject]","mini.mjs"
,,,
,,,
"System.Collections.ArrayList","2","System.Collections.ObjectModel.Collection`1[System.Management.Automation.PSObject]","start.mjs"
,,,
,,,
"System.Collections.ArrayList","2","System.Collections.ObjectModel.Collection`1[System.Management.Automation.PSObject]","start.mjs.map"
,,,
,,,
"System.Collections.ArrayList","2","System.Collections.ObjectModel.Collection`1[System.Management.Automation.PSObject]","store.mjs"
,,,
,,,
"System.Collections.ArrayList","2","System.Collections.ObjectModel.Collection`1[System.Management.Automation.PSObject]","store.mjs.map"
,,,
,,,
"System.Collections.ArrayList","4","System.Collections.ObjectModel.Collection`1[System.Management.Automation.PSObject]","create.mjs"
,,,
,,,
,,,
,,,
"System.Collections.ArrayList","4","System.Collections.ObjectModel.Collection`1[System.Management.Automation.PSObject]","create.mjs.map"
,,,
,,,
,,,
,,,
"System.Collections.ArrayList","2","System.Collections.ObjectModel.Collection`1[System.Management.Automation.PSObject]","create-visual-element.mjs"
,,,
,,,
"System.Collections.ArrayList","2","System.Collections.ObjectModel.Collection`1[System.Management.Automation.PSObject]","create-visual-element.mjs.map"
,,,
,,,
"System.Collections.ArrayList","6","System.Collections.ObjectModel.Collection`1[System.Management.Automation.PSObject]","utils.mjs"
,,,
,,,
,,,
,,,
,,,
,,,
"System.Collections.ArrayList","4","System.Collections.ObjectModel.Collection`1[System.Management.Automation.PSObject]","utils.mjs.map"
,,,
,,,
,,,
,,,
"System.Collections.ArrayList","2","System.Collections.ObjectModel.Collection`1[System.Management.Automation.PSObject]","Group.mjs"
,,,
,,,
"System.Collections.ArrayList","2","System.Collections.ObjectModel.Collection`1[System.Management.Automation.PSObject]","Group.mjs.map"
,,,
,,,
"System.Collections.ArrayList","2","System.Collections.ObjectModel.Collection`1[System.Management.Automation.PSObject]","hover.mjs"
,,,
,,,
"System.Collections.ArrayList","2","System.Collections.ObjectModel.Collection`1[System.Management.Automation.PSObject]","hover.mjs.map"
,,,
,,,
"System.Collections.ArrayList","2","System.Collections.ObjectModel.Collection`1[System.Management.Automation.PSObject]","elements.mjs"
,,,
,,,
"System.Collections.ArrayList","2","System.Collections.ObjectModel.Collection`1[System.Management.Automation.PSObject]","elements.mjs.map"
,,,
,,,
"System.Collections.ArrayList","3","System.Collections.ObjectModel.Collection`1[System.Management.Automation.PSObject]","proxy.mjs"
,,,
,,,
,,,
"System.Collections.ArrayList","2","System.Collections.ObjectModel.Collection`1[System.Management.Automation.PSObject]","proxy.mjs.map"
,,,
,,,
"System.Collections.ArrayList","2","System.Collections.ObjectModel.Collection`1[System.Management.Automation.PSObject]","use-props.mjs"
,,,
,,,
"System.Collections.ArrayList","2","System.Collections.ObjectModel.Collection`1[System.Management.Automation.PSObject]","use-props.mjs.map"
,,,
,,,
"System.Collections.ArrayList","2","System.Collections.ObjectModel.Collection`1[System.Management.Automation.PSObject]","create-render-state.mjs"
,,,
,,,
"System.Collections.ArrayList","2","System.Collections.ObjectModel.Collection`1[System.Management.Automation.PSObject]","create-render-state.mjs.map"
,,,
,,,
"System.Collections.ArrayList","2","System.Collections.ObjectModel.Collection`1[System.Management.Automation.PSObject]","browser-test-runner.d.ts"
,,,
,,,
"System.Collections.ArrayList","2","System.Collections.ObjectModel.Collection`1[System.Management.Automation.PSObject]","browser-test-runner.js"
,,,
,,,
"System.Collections.ArrayList","2","System.Collections.ObjectModel.Collection`1[System.Management.Automation.PSObject]","browser-test-runner.js.map"
,,,
,,,
"System.Collections.ArrayList","2","System.Collections.ObjectModel.Collection`1[System.Management.Automation.PSObject]","test.browser.d.ts"
,,,
,,,
"System.Collections.ArrayList","2","System.Collections.ObjectModel.Collection`1[System.Management.Automation.PSObject]","test.browser.js"
,,,
,,,
"System.Collections.ArrayList","2","System.Collections.ObjectModel.Collection`1[System.Management.Automation.PSObject]","test.browser.js.map"
,,,
,,,
"System.Collections.ArrayList","2","System.Collections.ObjectModel.Collection`1[System.Management.Automation.PSObject]","common.js.map"
,,,
,,,
"System.Collections.ArrayList","2","System.Collections.ObjectModel.Collection`1[System.Management.Automation.PSObject]","gaxios.d.ts"
,,,
,,,
"System.Collections.ArrayList","2","System.Collections.ObjectModel.Collection`1[System.Management.Automation.PSObject]","gaxios.js"
,,,
,,,
"System.Collections.ArrayList","2","System.Collections.ObjectModel.Collection`1[System.Management.Automation.PSObject]","gaxios.js.map"
,,,
,,,
"System.Collections.ArrayList","2","System.Collections.ObjectModel.Collection`1[System.Management.Automation.PSObject]","interceptor.d.ts"
,,,
,,,
"System.Collections.ArrayList","2","System.Collections.ObjectModel.Collection`1[System.Management.Automation.PSObject]","interceptor.js"
,,,
,,,
"System.Collections.ArrayList","2","System.Collections.ObjectModel.Collection`1[System.Management.Automation.PSObject]","interceptor.js.map"
,,,
,,,
"System.Collections.ArrayList","2","System.Collections.ObjectModel.Collection`1[System.Management.Automation.PSObject]","retry.d.ts"
,,,
,,,
"System.Collections.ArrayList","4","System.Collections.ObjectModel.Collection`1[System.Management.Automation.PSObject]","retry.js"
,,,
,,,
,,,
,,,
"System.Collections.ArrayList","2","System.Collections.ObjectModel.Collection`1[System.Management.Automation.PSObject]","retry.js.map"
,,,
,,,
"System.Collections.ArrayList","2","System.Collections.ObjectModel.Collection`1[System.Management.Automation.PSObject]","util.cjs"
,,,
,,,
"System.Collections.ArrayList","2","System.Collections.ObjectModel.Collection`1[System.Management.Automation.PSObject]","util.cjs.map"
,,,
,,,
"System.Collections.ArrayList","2","System.Collections.ObjectModel.Collection`1[System.Management.Automation.PSObject]","util.d.cts"
,,,
,,,
"System.Collections.ArrayList","2","System.Collections.ObjectModel.Collection`1[System.Management.Automation.PSObject]","test.install.d.ts"
,,,
,,,
"System.Collections.ArrayList","2","System.Collections.ObjectModel.Collection`1[System.Management.Automation.PSObject]","test.install.js"
,,,
,,,
"System.Collections.ArrayList","2","System.Collections.ObjectModel.Collection`1[System.Management.Automation.PSObject]","test.install.js.map"
,,,
,,,
"System.Collections.ArrayList","2","System.Collections.ObjectModel.Collection`1[System.Management.Automation.PSObject]","test.getch.d.ts"
,,,
,,,
"System.Collections.ArrayList","2","System.Collections.ObjectModel.Collection`1[System.Management.Automation.PSObject]","test.getch.js"
,,,
,,,
"System.Collections.ArrayList","2","System.Collections.ObjectModel.Collection`1[System.Management.Automation.PSObject]","test.getch.js.map"
,,,
,,,
"System.Collections.ArrayList","2","System.Collections.ObjectModel.Collection`1[System.Management.Automation.PSObject]","test.index.d.ts"
,,,
,,,
"System.Collections.ArrayList","2","System.Collections.ObjectModel.Collection`1[System.Management.Automation.PSObject]","test.index.js"
,,,
,,,
"System.Collections.ArrayList","2","System.Collections.ObjectModel.Collection`1[System.Management.Automation.PSObject]","test.index.js.map"
,,,
,,,
"System.Collections.ArrayList","2","System.Collections.ObjectModel.Collection`1[System.Management.Automation.PSObject]","test.retry.d.ts"
,,,
,,,
"System.Collections.ArrayList","2","System.Collections.ObjectModel.Collection`1[System.Management.Automation.PSObject]","test.retry.js"
,,,
,,,
"System.Collections.ArrayList","2","System.Collections.ObjectModel.Collection`1[System.Management.Automation.PSObject]","test.retry.js.map"
,,,
,,,
"System.Collections.ArrayList","3","System.Collections.ObjectModel.Collection`1[System.Management.Automation.PSObject]","crypto.js"
,,,
,,,
,,,
"System.Collections.ArrayList","2","System.Collections.ObjectModel.Collection`1[System.Management.Automation.PSObject]","tests.js"
,,,
,,,
"System.Collections.ArrayList","2","System.Collections.ObjectModel.Collection`1[System.Management.Automation.PSObject]","eslint.config.mjs"
,,,
,,,
"System.Collections.ArrayList","2","System.Collections.ObjectModel.Collection`1[System.Management.Automation.PSObject]","jiti.cjs"
,,,
,,,
"System.Collections.ArrayList","6","System.Collections.ObjectModel.Collection`1[System.Management.Automation.PSObject]","stringify.js"
,,,
,,,
,,,
,,,
,,,
,,,
"System.Collections.ArrayList","2","System.Collections.ObjectModel.Collection`1[System.Management.Automation.PSObject]","parse.d.ts"
,,,
,,,
"System.Collections.ArrayList","2","System.Collections.ObjectModel.Collection`1[System.Management.Automation.PSObject]","stringify.d.ts"
,,,
,,,
"System.Collections.ArrayList","2","System.Collections.ObjectModel.Collection`1[System.Management.Automation.PSObject]","opslevel.yml"
,,,
,,,
"System.Collections.ArrayList","2","System.Collections.ObjectModel.Collection`1[System.Management.Automation.PSObject]","colors.d.ts"
,,,
,,,
"System.Collections.ArrayList","2","System.Collections.ObjectModel.Collection`1[System.Management.Automation.PSObject]","colors.js"
,,,
,,,
"System.Collections.ArrayList","2","System.Collections.ObjectModel.Collection`1[System.Management.Automation.PSObject]","colors.mjs"
,,,
,,,
"System.Collections.ArrayList","3","System.Collections.ObjectModel.Collection`1[System.Management.Automation.PSObject]","lucide-react.js"
,,,
,,,
,,,
"System.Collections.ArrayList","3","System.Collections.ObjectModel.Collection`1[System.Management.Automation.PSObject]","lucide-react.js.map"
,,,
,,,
,,,
"System.Collections.ArrayList","2","System.Collections.ObjectModel.Collection`1[System.Management.Automation.PSObject]","check.js"
,,,
,,,
"System.Collections.ArrayList","2","System.Collections.ObjectModel.Collection`1[System.Management.Automation.PSObject]","container.js"
,,,
,,,
"System.Collections.ArrayList","2","System.Collections.ObjectModel.Collection`1[System.Management.Automation.PSObject]","frame.js"
,,,
,,,
"System.Collections.ArrayList","3","System.Collections.ObjectModel.Collection`1[System.Management.Automation.PSObject]","inspect.js"
,,,
,,,
,,,
"System.Collections.ArrayList","2","System.Collections.ObjectModel.Collection`1[System.Management.Automation.PSObject]","list.js"
,,,
,,,
"System.Collections.ArrayList","2","System.Collections.ObjectModel.Collection`1[System.Management.Automation.PSObject]","scan.js"
,,,
,,,
"System.Collections.ArrayList","2","System.Collections.ObjectModel.Collection`1[System.Management.Automation.PSObject]","server.js"
,,,
,,,
"System.Collections.ArrayList","3","System.Collections.ObjectModel.Collection`1[System.Management.Automation.PSObject]","watch.js"
,,,
,,,
,,,
"System.Collections.ArrayList","2","System.Collections.ObjectModel.Collection`1[System.Management.Automation.PSObject]","build.js"
,,,
,,,
"System.Collections.ArrayList","4","System.Collections.ObjectModel.Collection`1[System.Management.Automation.PSObject]","binding.worker.js"
,,,
,,,
,,,
,,,
"System.Collections.ArrayList","4","System.Collections.ObjectModel.Collection`1[System.Management.Automation.PSObject]","binding.worker.js.map"
,,,
,,,
,,,
,,,
"System.Collections.ArrayList","2","System.Collections.ObjectModel.Collection`1[System.Management.Automation.PSObject]","object.worker.js"
,,,
,,,
"System.Collections.ArrayList","2","System.Collections.ObjectModel.Collection`1[System.Management.Automation.PSObject]","object.worker.js.map"
,,,
,,,
"System.Collections.ArrayList","2","System.Collections.ObjectModel.Collection`1[System.Management.Automation.PSObject]","frame.mjs"
,,,
,,,
"System.Collections.ArrayList","2","System.Collections.ObjectModel.Collection`1[System.Management.Automation.PSObject]","frame.mjs.map"
,,,
,,,
"System.Collections.ArrayList","2","System.Collections.ObjectModel.Collection`1[System.Management.Automation.PSObject]","cubic-bezier.mjs"
,,,
,,,
"System.Collections.ArrayList","2","System.Collections.ObjectModel.Collection`1[System.Management.Automation.PSObject]","cubic-bezier.mjs.map"
,,,
,,,
"System.Collections.ArrayList","5","System.Collections.ObjectModel.Collection`1[System.Management.Automation.PSObject]","transform.mjs"
,,,
,,,
,,,
,,,
,,,
"System.Collections.ArrayList","4","System.Collections.ObjectModel.Collection`1[System.Management.Automation.PSObject]","transform.mjs.map"
,,,
,,,
,,,
,,,
"System.Collections.ArrayList","3","System.Collections.ObjectModel.Collection`1[System.Management.Automation.PSObject]","state.mjs"
,,,
,,,
,,,
"System.Collections.ArrayList","3","System.Collections.ObjectModel.Collection`1[System.Management.Automation.PSObject]","state.mjs.map"
,,,
,,,
,,,
"System.Collections.ArrayList","2","System.Collections.ObjectModel.Collection`1[System.Management.Automation.PSObject]","render.mjs"
,,,
,,,
"System.Collections.ArrayList","2","System.Collections.ObjectModel.Collection`1[System.Management.Automation.PSObject]","render.mjs.map"
,,,
,,,
"System.Collections.ArrayList","2","System.Collections.ObjectModel.Collection`1[System.Management.Automation.PSObject]","scrape-motion-values.mjs"
,,,
,,,
"System.Collections.ArrayList","2","System.Collections.ObjectModel.Collection`1[System.Management.Automation.PSObject]","scrape-motion-values.mjs.map"
,,,
,,,
"System.Collections.ArrayList","2","System.Collections.ObjectModel.Collection`1[System.Management.Automation.PSObject]","path.mjs"
,,,
,,,
"System.Collections.ArrayList","4","System.Collections.ObjectModel.Collection`1[System.Management.Automation.PSObject]","buffer.mjs"
,,,
,,,
,,,
,,,
"System.Collections.ArrayList","2","System.Collections.ObjectModel.Collection`1[System.Management.Automation.PSObject]","immediate.mjs"
,,,
,,,
"System.Collections.ArrayList","2","System.Collections.ObjectModel.Collection`1[System.Management.Automation.PSObject]","number.mjs"
,,,
,,,
"System.Collections.ArrayList","2","System.Collections.ObjectModel.Collection`1[System.Management.Automation.PSObject]","number.mjs.map"
,,,
,,,
"System.Collections.ArrayList","2","System.Collections.ObjectModel.Collection`1[System.Management.Automation.PSObject]","memo.mjs"
,,,
,,,
"System.Collections.ArrayList","2","System.Collections.ObjectModel.Collection`1[System.Management.Automation.PSObject]","memo.mjs.map"
,,,
,,,
"System.Collections.ArrayList","2","System.Collections.ObjectModel.Collection`1[System.Management.Automation.PSObject]","errors.mjs"
,,,
,,,
"System.Collections.ArrayList","2","System.Collections.ObjectModel.Collection`1[System.Management.Automation.PSObject]","noop.mjs"
,,,
,,,
"System.Collections.ArrayList","2","System.Collections.ObjectModel.Collection`1[System.Management.Automation.PSObject]","index.browser.cjs"
,,,
,,,
"System.Collections.ArrayList","2","System.Collections.ObjectModel.Collection`1[System.Management.Automation.PSObject]","index.browser.js"
,,,
,,,
"System.Collections.ArrayList","2","System.Collections.ObjectModel.Collection`1[System.Management.Automation.PSObject]","index.native.js"
,,,
,,,
"System.Collections.ArrayList","2","System.Collections.ObjectModel.Collection`1[System.Management.Automation.PSObject]","body.js"
,,,
,,,
"System.Collections.ArrayList","2","System.Collections.ObjectModel.Collection`1[System.Management.Automation.PSObject]","headers.js"
,,,
,,,
"System.Collections.ArrayList","2","System.Collections.ObjectModel.Collection`1[System.Management.Automation.PSObject]","circular.js"
,,,
,,,
"System.Collections.ArrayList","2","System.Collections.ObjectModel.Collection`1[System.Management.Automation.PSObject]","fn.js"
,,,
,,,
"System.Collections.ArrayList","3","System.Collections.ObjectModel.Collection`1[System.Management.Automation.PSObject]","global.js"
,,,
,,,
,,,
"System.Collections.ArrayList","2","System.Collections.ObjectModel.Collection`1[System.Management.Automation.PSObject]","utils.d.mts"
,,,
,,,
"System.Collections.ArrayList","9","System.Collections.ObjectModel.Collection`1[System.Management.Automation.PSObject]","constants.js"
,,,
,,,
,,,
,,,
,,,
,,,
,,,
,,,
,,,
"System.Collections.ArrayList","2","System.Collections.ObjectModel.Collection`1[System.Management.Automation.PSObject]","input.js"
,,,
,,,
"System.Collections.ArrayList","2","System.Collections.ObjectModel.Collection`1[System.Management.Automation.PSObject]","list.d.ts"
,,,
,,,
"System.Collections.ArrayList","2","System.Collections.ObjectModel.Collection`1[System.Management.Automation.PSObject]","root.js"
,,,
,,,
"System.Collections.ArrayList","2","System.Collections.ObjectModel.Collection`1[System.Management.Automation.PSObject]","symbols.js"
,,,
,,,
"System.Collections.ArrayList","2","System.Collections.ObjectModel.Collection`1[System.Management.Automation.PSObject]","tokenize.js"
,,,
,,,
"System.Collections.ArrayList","2","System.Collections.ObjectModel.Collection`1[System.Management.Automation.PSObject]","minimal.js"
,,,
,,,
"System.Collections.ArrayList","3","System.Collections.ObjectModel.Collection`1[System.Management.Automation.PSObject]","protobuf.js"
,,,
,,,
,,,
"System.Collections.ArrayList","3","System.Collections.ObjectModel.Collection`1[System.Management.Automation.PSObject]","protobuf.js.map"
,,,
,,,
,,,
"System.Collections.ArrayList","3","System.Collections.ObjectModel.Collection`1[System.Management.Automation.PSObject]","protobuf.min.js"
,,,
,,,
,,,
"System.Collections.ArrayList","3","System.Collections.ObjectModel.Collection`1[System.Management.Automation.PSObject]","protobuf.min.js.map"
,,,
,,,
,,,
"System.Collections.ArrayList","2","System.Collections.ObjectModel.Collection`1[System.Management.Automation.PSObject]","service.js"
,,,
,,,
"System.Collections.ArrayList","2","System.Collections.ObjectModel.Collection`1[System.Management.Automation.PSObject]","dns.js"
,,,
,,,
"System.Collections.ArrayList","2","System.Collections.ObjectModel.Collection`1[System.Management.Automation.PSObject]","getLogFilter.js"
,,,
,,,
"System.Collections.ArrayList","2","System.Collections.ObjectModel.Collection`1[System.Management.Automation.PSObject]","loadConfigFile.js"
,,,
,,,
"System.Collections.ArrayList","4","System.Collections.ObjectModel.Collection`1[System.Management.Automation.PSObject]","parseAst.js"
,,,
,,,
,,,
,,,
"System.Collections.ArrayList","3","System.Collections.ObjectModel.Collection`1[System.Management.Automation.PSObject]","rollup.js"
,,,
,,,
,,,
"System.Collections.ArrayList","2","System.Collections.ObjectModel.Collection`1[System.Management.Automation.PSObject]","range.bnf"
,,,
,,,
"System.Collections.ArrayList","4","System.Collections.ObjectModel.Collection`1[System.Management.Automation.PSObject]","semver.js"
,,,
,,,
,,,
,,,
"System.Collections.ArrayList","2","System.Collections.ObjectModel.Collection`1[System.Management.Automation.PSObject]","valid.js"
,,,
,,,
"System.Collections.ArrayList","2","System.Collections.ObjectModel.Collection`1[System.Management.Automation.PSObject]","index.css"
,,,
,,,
"System.Collections.ArrayList","2","System.Collections.ObjectModel.Collection`1[System.Management.Automation.PSObject]","lib.d.ts"
,,,
,,,
"System.Collections.ArrayList","2","System.Collections.ObjectModel.Collection`1[System.Management.Automation.PSObject]","repl.mjs"
,,,
,,,
"System.Collections.ArrayList","13","System.Collections.ObjectModel.Collection`1[System.Management.Automation.PSObject]","diagnosticMessages.generated.json"
,,,
,,,
,,,
,,,
,,,
,,,
,,,
,,,
,,,
,,,
,,,
,,,
,,,
"System.Collections.ArrayList","2","System.Collections.ObjectModel.Collection`1[System.Management.Automation.PSObject]","permessage-deflate.js"
,,,
,,,
"System.Collections.ArrayList","2","System.Collections.ObjectModel.Collection`1[System.Management.Automation.PSObject]","receiver.js"
,,,
,,,
"System.Collections.ArrayList","2","System.Collections.ObjectModel.Collection`1[System.Management.Automation.PSObject]","sender.js"
,,,
,,,
"System.Collections.ArrayList","2","System.Collections.ObjectModel.Collection`1[System.Management.Automation.PSObject]","websocket.js"
,,,
,,,
"System.Collections.ArrayList","2","System.Collections.ObjectModel.Collection`1[System.Management.Automation.PSObject]","agent.d.ts"
,,,
,,,
"System.Collections.ArrayList","2","System.Collections.ObjectModel.Collection`1[System.Management.Automation.PSObject]","api.d.ts"
,,,
,,,
"System.Collections.ArrayList","2","System.Collections.ObjectModel.Collection`1[System.Management.Automation.PSObject]","balanced-pool.d.ts"
,,,
,,,
"System.Collections.ArrayList","2","System.Collections.ObjectModel.Collection`1[System.Management.Automation.PSObject]","cache.d.ts"
,,,
,,,
"System.Collections.ArrayList","2","System.Collections.ObjectModel.Collection`1[System.Management.Automation.PSObject]","connector.d.ts"
,,,
,,,
"System.Collections.ArrayList","2","System.Collections.ObjectModel.Collection`1[System.Management.Automation.PSObject]","content-type.d.ts"
,,,
,,,
"System.Collections.ArrayList","2","System.Collections.ObjectModel.Collection`1[System.Management.Automation.PSObject]","cookies.d.ts"
,,,
,,,
"System.Collections.ArrayList","2","System.Collections.ObjectModel.Collection`1[System.Management.Automation.PSObject]","diagnostics-channel.d.ts"
,,,
,,,
"System.Collections.ArrayList","2","System.Collections.ObjectModel.Collection`1[System.Management.Automation.PSObject]","dispatcher.d.ts"
,,,
,,,
"System.Collections.ArrayList","2","System.Collections.ObjectModel.Collection`1[System.Management.Automation.PSObject]","env-http-proxy-agent.d.ts"
,,,
,,,
"System.Collections.ArrayList","2","System.Collections.ObjectModel.Collection`1[System.Management.Automation.PSObject]","errors.d.ts"
,,,
,,,
"System.Collections.ArrayList","2","System.Collections.ObjectModel.Collection`1[System.Management.Automation.PSObject]","eventsource.d.ts"
,,,
,,,
"System.Collections.ArrayList","2","System.Collections.ObjectModel.Collection`1[System.Management.Automation.PSObject]","formdata.d.ts"
,,,
,,,
"System.Collections.ArrayList","2","System.Collections.ObjectModel.Collection`1[System.Management.Automation.PSObject]","global-dispatcher.d.ts"
,,,
,,,
"System.Collections.ArrayList","2","System.Collections.ObjectModel.Collection`1[System.Management.Automation.PSObject]","global-origin.d.ts"
,,,
,,,
"System.Collections.ArrayList","2","System.Collections.ObjectModel.Collection`1[System.Management.Automation.PSObject]","handlers.d.ts"
,,,
,,,
"System.Collections.ArrayList","2","System.Collections.ObjectModel.Collection`1[System.Management.Automation.PSObject]","header.d.ts"
,,,
,,,
"System.Collections.ArrayList","2","System.Collections.ObjectModel.Collection`1[System.Management.Automation.PSObject]","interceptors.d.ts"
,,,
,,,
"System.Collections.ArrayList","2","System.Collections.ObjectModel.Collection`1[System.Management.Automation.PSObject]","mock-agent.d.ts"
,,,
,,,
"System.Collections.ArrayList","2","System.Collections.ObjectModel.Collection`1[System.Management.Automation.PSObject]","mock-client.d.ts"
,,,
,,,
"System.Collections.ArrayList","2","System.Collections.ObjectModel.Collection`1[System.Management.Automation.PSObject]","mock-errors.d.ts"
,,,
,,,
"System.Collections.ArrayList","2","System.Collections.ObjectModel.Collection`1[System.Management.Automation.PSObject]","mock-interceptor.d.ts"
,,,
,,,
"System.Collections.ArrayList","2","System.Collections.ObjectModel.Collection`1[System.Management.Automation.PSObject]","mock-pool.d.ts"
,,,
,,,
"System.Collections.ArrayList","2","System.Collections.ObjectModel.Collection`1[System.Management.Automation.PSObject]","patch.d.ts"
,,,
,,,
"System.Collections.ArrayList","2","System.Collections.ObjectModel.Collection`1[System.Management.Automation.PSObject]","pool-stats.d.ts"
,,,
,,,
"System.Collections.ArrayList","2","System.Collections.ObjectModel.Collection`1[System.Management.Automation.PSObject]","pool.d.ts"
,,,
,,,
"System.Collections.ArrayList","2","System.Collections.ObjectModel.Collection`1[System.Management.Automation.PSObject]","proxy-agent.d.ts"
,,,
,,,
"System.Collections.ArrayList","2","System.Collections.ObjectModel.Collection`1[System.Management.Automation.PSObject]","readable.d.ts"
,,,
,,,
"System.Collections.ArrayList","2","System.Collections.ObjectModel.Collection`1[System.Management.Automation.PSObject]","retry-agent.d.ts"
,,,
,,,
"System.Collections.ArrayList","2","System.Collections.ObjectModel.Collection`1[System.Management.Automation.PSObject]","retry-handler.d.ts"
,,,
,,,
"System.Collections.ArrayList","2","System.Collections.ObjectModel.Collection`1[System.Management.Automation.PSObject]","webidl.d.ts"
,,,
,,,
"System.Collections.ArrayList","2","System.Collections.ObjectModel.Collection`1[System.Management.Automation.PSObject]","websocket.d.ts"
,,,
,,,
"System.Collections.ArrayList","3","System.Collections.ObjectModel.Collection`1[System.Management.Automation.PSObject]","buffer.d.mts"
,,,
,,,
,,,
"System.Collections.ArrayList","12","System.Collections.ObjectModel.Collection`1[System.Management.Automation.PSObject]","constants.d.mts"
,,,
,,,
,,,
,,,
,,,
,,,
,,,
,,,
,,,
,,,
,,,
,,,
"System.Collections.ArrayList","12","System.Collections.ObjectModel.Collection`1[System.Management.Automation.PSObject]","constants.mjs"
,,,
,,,
,,,
,,,
,,,
,,,
,,,
,,,
,,,
,,,
,,,
,,,
"System.Collections.ArrayList","2","System.Collections.ObjectModel.Collection`1[System.Management.Automation.PSObject]","domain.d.mts"
,,,
,,,
"System.Collections.ArrayList","2","System.Collections.ObjectModel.Collection`1[System.Management.Automation.PSObject]","domain.mjs"
,,,
,,,
"System.Collections.ArrayList","2","System.Collections.ObjectModel.Collection`1[System.Management.Automation.PSObject]","events.d.mts"
,,,
,,,
"System.Collections.ArrayList","2","System.Collections.ObjectModel.Collection`1[System.Management.Automation.PSObject]","events.mjs"
,,,
,,,
"System.Collections.ArrayList","2","System.Collections.ObjectModel.Collection`1[System.Management.Automation.PSObject]","fs.d.mts"
,,,
,,,
"System.Collections.ArrayList","2","System.Collections.ObjectModel.Collection`1[System.Management.Automation.PSObject]","fs.mjs"
,,,
,,,
"System.Collections.ArrayList","3","System.Collections.ObjectModel.Collection`1[System.Management.Automation.PSObject]","process.d.mts"
,,,
,,,
,,,
"System.Collections.ArrayList","2","System.Collections.ObjectModel.Collection`1[System.Management.Automation.PSObject]","punycode.d.mts"
,,,
,,,
"System.Collections.ArrayList","2","System.Collections.ObjectModel.Collection`1[System.Management.Automation.PSObject]","punycode.mjs"
,,,
,,,
"System.Collections.ArrayList","2","System.Collections.ObjectModel.Collection`1[System.Management.Automation.PSObject]","querystring.d.mts"
,,,
,,,
"System.Collections.ArrayList","2","System.Collections.ObjectModel.Collection`1[System.Management.Automation.PSObject]","querystring.mjs"
,,,
,,,
"System.Collections.ArrayList","2","System.Collections.ObjectModel.Collection`1[System.Management.Automation.PSObject]","readline.d.mts"
,,,
,,,
"System.Collections.ArrayList","2","System.Collections.ObjectModel.Collection`1[System.Management.Automation.PSObject]","readline.mjs"
,,,
,,,
"System.Collections.ArrayList","2","System.Collections.ObjectModel.Collection`1[System.Management.Automation.PSObject]","timers.d.mts"
,,,
,,,
"System.Collections.ArrayList","2","System.Collections.ObjectModel.Collection`1[System.Management.Automation.PSObject]","timers.mjs"
,,,
,,,
"System.Collections.ArrayList","2","System.Collections.ObjectModel.Collection`1[System.Management.Automation.PSObject]","url.d.mts"
,,,
,,,
"System.Collections.ArrayList","2","System.Collections.ObjectModel.Collection`1[System.Management.Automation.PSObject]","url.mjs"
,,,
,,,
"System.Collections.ArrayList","2","System.Collections.ObjectModel.Collection`1[System.Management.Automation.PSObject]","util.d.mts"
,,,
,,,
"System.Collections.ArrayList","2","System.Collections.ObjectModel.Collection`1[System.Management.Automation.PSObject]","util.mjs"
,,,
,,,
"System.Collections.ArrayList","7","System.Collections.ObjectModel.Collection`1[System.Management.Automation.PSObject]","promises.d.mts"
,,,
,,,
,,,
,,,
,,,
,,,
,,,
"System.Collections.ArrayList","7","System.Collections.ObjectModel.Collection`1[System.Management.Automation.PSObject]","promises.mjs"
,,,
,,,
,,,
,,,
,,,
,,,
,,,
"System.Collections.ArrayList","2","System.Collections.ObjectModel.Collection`1[System.Management.Automation.PSObject]","web.d.mts"
,,,
,,,
"System.Collections.ArrayList","2","System.Collections.ObjectModel.Collection`1[System.Management.Automation.PSObject]","web.mjs"
,,,
,,,
"System.Collections.ArrayList","2","System.Collections.ObjectModel.Collection`1[System.Management.Automation.PSObject]","socket.d.mts"
,,,
,,,
"System.Collections.ArrayList","2","System.Collections.ObjectModel.Collection`1[System.Management.Automation.PSObject]","socket.mjs"
,,,
,,,
"System.Collections.ArrayList","2","System.Collections.ObjectModel.Collection`1[System.Management.Automation.PSObject]","server.d.mts"
,,,
,,,
"System.Collections.ArrayList","2","System.Collections.ObjectModel.Collection`1[System.Management.Automation.PSObject]","server.mjs"
,,,
,,,
"System.Collections.ArrayList","2","System.Collections.ObjectModel.Collection`1[System.Management.Automation.PSObject]","performance.d.mts"
,,,
,,,
"System.Collections.ArrayList","2","System.Collections.ObjectModel.Collection`1[System.Management.Automation.PSObject]","env.mjs"
,,,
,,,
"System.Collections.ArrayList","2","System.Collections.ObjectModel.Collection`1[System.Management.Automation.PSObject]","interface.d.mts"
,,,
,,,
"System.Collections.ArrayList","2","System.Collections.ObjectModel.Collection`1[System.Management.Automation.PSObject]","interface.mjs"
,,,
,,,
"System.Collections.ArrayList","2","System.Collections.ObjectModel.Collection`1[System.Management.Automation.PSObject]","inherits.d.mts"
,,,
,,,
"System.Collections.ArrayList","2","System.Collections.ObjectModel.Collection`1[System.Management.Automation.PSObject]","inherits.mjs"
,,,
,,,
"System.Collections.ArrayList","3","System.Collections.ObjectModel.Collection`1[System.Management.Automation.PSObject]","types.mjs"
,,,
,,,
,,,
"System.Collections.ArrayList","2","System.Collections.ObjectModel.Collection`1[System.Management.Automation.PSObject]","worker.mjs"
,,,
,,,
"System.Collections.ArrayList","2","System.Collections.ObjectModel.Collection`1[System.Management.Automation.PSObject]","metadata.d.ts"
,,,
,,,
"System.Collections.ArrayList","2","System.Collections.ObjectModel.Collection`1[System.Management.Automation.PSObject]","polyfill.d.ts"
,,,
,,,
"System.Collections.ArrayList","2","System.Collections.ObjectModel.Collection`1[System.Management.Automation.PSObject]","ponyfill.d.ts"
,,,
,,,
"System.Collections.ArrayList","2","System.Collections.ObjectModel.Collection`1[System.Management.Automation.PSObject]","tsconfig-sanity.ts"
,,,
,,,
"System.Collections.ArrayList","6","System.Collections.ObjectModel.Collection`1[System.Management.Automation.PSObject]","style.css"
,,,
,,,
,,,
,,,
,,,
,,,
"System.Collections.ArrayList","3","System.Collections.ObjectModel.Collection`1[System.Management.Automation.PSObject]","script.js"
,,,
,,,
,,,
"System.Collections.ArrayList","2","System.Collections.ObjectModel.Collection`1[System.Management.Automation.PSObject]","apiClient.ts"
,,,
,,,
"System.Collections.ArrayList","2","System.Collections.ObjectModel.Collection`1[System.Management.Automation.PSObject]",".env.production.backup"
,,,
,,,
