"Name","Mode","Length"
".wrangler","d-----",
"assets","d-----",
"AUDIT-2026-07-07_12-28-11","d-----",
"AUDIT-2026-07-07_12-28-49","d-----",
"dist","d-----",
"node_modules","d-----",
"src","d-----",
"_backup_chunk6_cors_20260626_150155","d-----",
"_backup_chunk7_api_connection_20260626_150343","d-----",
"_backup_chunk7_api_connection_20260626_150447","d-----",
".env.example","-a----","42"
".env.production","-a----","131"
".gitignore","-a----","187"
"FRONTEND_BACKEND_CONTRACT.md","-a----","7555"
"index.html","-a----","341"
"metadata.json","-a----","266"
"package.json","-a----","1037"
"README.md","-a----","542"
"tsconfig.json","-a----","508"
"vite.config.ts","-a----","708"
"wrangler.toml","-a----","220"
"ZAWAJ_BRAND_COLOR_PROMPT.md","-a----","5084"
